user_id,level_num,current_square,square_to_move,direction_to_move,move_approved,cmd_overridden,coin_collected,current_health,trust_level,proposed_damage,surrounding_area
1009,0,clear,clear,right,True,False,False,10,55,0,"['edge', 'clear', 'clear', 'edge', 'clear', 'clear', 'edge', 'clear', 'clear']"
1009,0,clear,clear,right,True,False,False,10,55,0,"['clear', 'clear', 'wall', 'clear', 'clear', 'clear', 'clear', 'clear', 'clear']"
1009,0,clear,clear,down,True,False,True,10,55,0,"['clear', 'wall', 'clear', 'clear', 'clear', 'clear', 'clear', 'clear', 'clear']"
1009,0,clear,clear,right,True,False,False,10,58,0,"['clear', 'clear', 'clear', 'clear', 'clear', 'clear', 'edge', 'edge', 'edge']"
1009,0,clear,clear,right,True,False,False,10,58,0,"['clear', 'clear', 'clear', 'clear', 'clear', 'clear', 'edge', 'edge', 'edge']"
1009,0,clear,clear,up,True,False,False,10,58,0,"['clear', 'clear', 'clear', 'clear', 'clear', 'mud', 'edge', 'edge', 'edge']"
1009,0,clear,clear,right,True,False,False,10,58,0,"['clear', 'lava', 'lava', 'clear', 'clear', 'clear', 'clear', 'clear', 'mud']"
1009,0,clear,clear,right,True,False,False,10,58,0,"['lava', 'lava', 'lava', 'clear', 'clear', 'clear', 'clear', 'mud', 'clear']"
1009,0,clear,clear,right,True,False,False,10,58,0,"['lava', 'lava', 'clear', 'clear', 'clear', 'clear', 'mud', 'clear', 'clear']"
1009,0,clear,clear,left,True,False,False,10,58,0,"['lava', 'clear', 'wall', 'clear', 'clear', 'clear', 'clear', 'clear', 'clear']"
1009,0,clear,clear,right,True,False,False,10,58,0,"['lava', 'lava', 'clear', 'clear', 'clear', 'clear', 'mud', 'clear', 'clear']"
1009,0,clear,clear,down,True,False,True,10,58,0,"['lava', 'clear', 'wall', 'clear', 'clear', 'clear', 'clear', 'clear', 'clear']"
1009,0,clear,clear,up,True,False,False,10,61,0,"['clear', 'clear', 'clear', 'clear', 'clear', 'clear', 'edge', 'edge', 'edge']"
1009,0,clear,clear,up,True,False,False,10,61,0,"['lava', 'clear', 'wall', 'clear', 'clear', 'clear', 'clear', 'clear', 'clear']"
1009,0,clear,clear,up,True,False,False,10,62,0,"['clear', 'clear', 'clear', 'lava', 'clear', 'wall', 'clear', 'clear', 'clear']"
1009,0,clear,clear,left,True,False,False,10,62,0,"['clear', 'mud', 'mud', 'clear', 'clear', 'clear', 'lava', 'clear', 'wall']"
1009,0,clear,clear,up,True,False,False,10,62,0,"['clear', 'clear', 'mud', 'lava', 'clear', 'clear', 'lava', 'lava', 'clear']"
1009,0,clear,clear,left,True,False,False,10,62,0,"['clear', 'clear', 'mud', 'clear', 'clear', 'mud', 'lava', 'clear', 'clear']"
1009,0,clear,clear,left,True,False,False,10,62,0,"['clear', 'clear', 'clear', 'clear', 'clear', 'clear', 'lava', 'lava', 'clear']"
1009,0,clear,clear,left,True,False,False,10,62,0,"['clear', 'clear', 'clear', 'clear', 'clear', 'clear', 'clear', 'lava', 'lava']"
1009,0,clear,clear,up,True,False,False,10,62,0,"['clear', 'clear', 'clear', 'wall', 'clear', 'clear', 'wall', 'clear', 'lava']"
1009,0,clear,clear,left,True,False,False,10,62,0,"['clear', 'clear', 'wall', 'clear', 'clear', 'clear', 'wall', 'clear', 'clear']"
1009,0,clear,clear,up,True,False,True,10,62,0,"['mud', 'clear', 'clear', 'clear', 'clear', 'clear', 'clear', 'wall', 'clear']"
1009,0,clear,clear,right,True,False,False,10,65,0,"['clear', 'clear', 'clear', 'mud', 'clear', 'clear', 'clear', 'clear', 'clear']"
1009,0,clear,clear,up,True,False,False,10,65,0,"['clear', 'clear', 'clear', 'clear', 'clear', 'wall', 'clear', 'clear', 'clear']"
1009,0,clear,clear,up,True,False,False,10,65,0,"['lava', 'clear', 'wall', 'clear', 'clear', 'clear', 'clear', 'clear', 'wall']"
1009,0,clear,clear,up,True,False,True,10,65,0,"['clear', 'clear', 'clear', 'lava', 'clear', 'wall', 'clear', 'clear', 'clear']"
1009,0,clear,clear,right,True,False,False,10,68,0,"['edge', 'edge', 'edge', 'clear', 'clear', 'clear', 'lava', 'clear', 'wall']"
1009,0,clear,clear,right,True,False,False,10,68,0,"['edge', 'edge', 'edge', 'clear', 'clear', 'clear', 'clear', 'wall', 'wall']"
1009,0,clear,clear,right,True,False,False,10,69,0,"['edge', 'edge', 'edge', 'clear', 'clear', 'clear', 'wall', 'wall', 'clear']"
1009,0,clear,clear,left,True,False,False,10,69,0,"['edge', 'edge', 'edge', 'clear', 'clear', 'mud', 'wall', 'clear', 'mud']"
1009,0,clear,clear,right,True,False,False,10,69,0,"['edge', 'edge', 'edge', 'clear', 'clear', 'clear', 'wall', 'wall', 'clear']"
1009,0,clear,clear,left,True,False,False,10,69,0,"['edge', 'edge', 'edge', 'clear', 'clear', 'mud', 'wall', 'clear', 'mud']"
1009,0,clear,clear,right,True,False,False,10,69,0,"['edge', 'edge', 'edge', 'clear', 'clear', 'clear', 'wall', 'wall', 'clear']"
1009,0,clear,clear,down,True,False,False,10,69,0,"['edge', 'edge', 'edge', 'clear', 'clear', 'mud', 'wall', 'clear', 'mud']"
1009,0,clear,clear,down,True,False,False,10,69,0,"['clear', 'clear', 'mud', 'wall', 'clear', 'mud', 'wall', 'clear', 'clear']"
1009,0,clear,clear,right,True,False,False,10,69,0,"['wall', 'clear', 'mud', 'wall', 'clear', 'clear', 'wall', 'clear', 'clear']"
1009,0,clear,clear,down,True,False,False,10,69,0,"['clear', 'mud', 'clear', 'clear', 'clear', 'clear', 'clear', 'clear', 'clear']"
1009,0,clear,clear,right,True,False,False,10,69,0,"['clear', 'clear', 'clear', 'clear', 'clear', 'clear', 'clear', 'mud', 'mud']"
1009,0,clear,mud,down,True,False,True,10,64,2,"['clear', 'clear', 'clear', 'clear', 'clear', 'clear', 'mud', 'mud', 'clear']"
1009,0,mud,mud,left,True,False,False,8,62,2,"['clear', 'clear', 'clear', 'mud', 'mud', 'clear', 'mud', 'mud', 'clear']"
1009,0,mud,clear,left,True,False,False,6,62,0,"['clear', 'clear', 'clear', 'clear', 'mud', 'mud', 'clear', 'mud', 'mud']"
1009,0,clear,clear,down,True,False,False,6,62,0,"['wall', 'clear', 'clear', 'clear', 'clear', 'mud', 'clear', 'clear', 'mud']"
1009,0,clear,clear,down,True,False,False,6,62,0,"['clear', 'clear', 'mud', 'clear', 'clear', 'mud', 'lava', 'clear', 'clear']"
1009,0,clear,lava,down,True,False,True,6,52,3,"['clear', 'clear', 'mud', 'lava', 'clear', 'clear', 'lava', 'lava', 'clear']"
1009,0,lava,clear,up,True,False,False,3,55,0,"['lava', 'clear', 'clear', 'lava', 'lava', 'clear', 'clear', 'clear', 'clear']"
1009,0,clear,clear,up,True,False,False,3,55,0,"['clear', 'clear', 'mud', 'lava', 'clear', 'clear', 'lava', 'lava', 'clear']"
1009,0,clear,clear,up,True,False,False,3,56,0,"['clear', 'clear', 'mud', 'clear', 'clear', 'mud', 'lava', 'clear', 'clear']"
1009,0,clear,clear,up,True,False,False,3,56,0,"['wall', 'clear', 'clear', 'clear', 'clear', 'mud', 'clear', 'clear', 'mud']"
1009,0,clear,clear,up,True,False,False,3,56,0,"['wall', 'clear', 'clear', 'wall', 'clear', 'clear', 'clear', 'clear', 'mud']"
1009,0,clear,clear,right,True,False,False,3,56,0,"['wall', 'clear', 'mud', 'wall', 'clear', 'clear', 'wall', 'clear', 'clear']"
1009,0,clear,clear,right,True,False,False,3,56,0,"['clear', 'mud', 'clear', 'clear', 'clear', 'clear', 'clear', 'clear', 'clear']"
1009,0,clear,clear,up,True,False,False,3,56,0,"['mud', 'clear', 'mud', 'clear', 'clear', 'clear', 'clear', 'clear', 'clear']"
1009,0,clear,clear,up,True,False,True,3,56,0,"['mud', 'clear', 'flag', 'mud', 'clear', 'mud', 'clear', 'clear', 'clear']"
1009,0,clear,flag,right,True,False,False,3,59,0,"['edge', 'edge', 'edge', 'mud', 'clear', 'flag', 'mud', 'clear', 'mud']"
1009,1,clear,clear,right,True,False,False,10,40,0,"['edge', 'wall', 'wall', 'edge', 'clear', 'clear', 'edge', 'wall', 'wall']"
1009,1,clear,clear,right,True,False,False,10,40,0,"['wall', 'wall', 'clear', 'clear', 'clear', 'clear', 'wall', 'wall', 'wall']"
1009,1,clear,clear,up,True,False,False,10,40,0,"['wall', 'clear', 'clear', 'clear', 'clear', 'wall', 'wall', 'wall', 'wall']"
1009,1,clear,clear,right,True,False,True,10,40,0,"['wall', 'wall', 'clear', 'wall', 'clear', 'clear', 'clear', 'clear', 'wall']"
1009,1,clear,clear,up,True,False,False,10,43,0,"['wall', 'clear', 'clear', 'clear', 'clear', 'wall', 'clear', 'wall', 'clear']"
1009,1,clear,wall,up,False,False,False,10,39,1,"['wall', 'wall', 'clear', 'wall', 'clear', 'clear', 'clear', 'clear', 'wall']"
1009,1,clear,clear,right,True,False,False,10,39,0,"['wall', 'wall', 'clear', 'wall', 'clear', 'clear', 'clear', 'clear', 'wall']"
1009,1,clear,clear,up,True,False,False,10,39,0,"['wall', 'clear', 'wall', 'clear', 'clear', 'wall', 'clear', 'wall', 'clear']"
1009,1,clear,clear,up,True,False,False,10,39,0,"['clear', 'clear', 'wall', 'wall', 'clear', 'wall', 'clear', 'clear', 'wall']"
1009,1,clear,clear,left,True,False,False,10,39,0,"['clear', 'wall', 'clear', 'clear', 'clear', 'wall', 'wall', 'clear', 'wall']"
1009,1,clear,clear,up,True,False,False,10,39,0,"['clear', 'clear', 'wall', 'wall', 'clear', 'clear', 'wall', 'wall', 'clear']"
1009,1,clear,clear,left,True,False,False,10,39,0,"['clear', 'wall', 'mud', 'clear', 'clear', 'wall', 'wall', 'clear', 'clear']"
1009,1,clear,clear,up,True,False,True,10,39,0,"['clear', 'clear', 'wall', 'mud', 'clear', 'clear', 'wall', 'wall', 'clear']"
1009,1,clear,clear,left,True,False,False,10,42,0,"['clear', 'wall', 'clear', 'clear', 'clear', 'wall', 'mud', 'clear', 'clear']"
1009,1,clear,clear,up,True,False,False,10,42,0,"['wall', 'clear', 'wall', 'wall', 'clear', 'clear', 'wall', 'mud', 'clear']"
1009,1,clear,clear,up,True,False,False,10,43,0,"['wall', 'clear', 'clear', 'wall', 'clear', 'wall', 'wall', 'clear', 'clear']"
1009,1,clear,clear,right,True,False,False,10,43,0,"['edge', 'edge', 'edge', 'wall', 'clear', 'clear', 'wall', 'clear', 'wall']"
1009,1,clear,clear,right,True,False,False,10,43,0,"['edge', 'edge', 'edge', 'clear', 'clear', 'clear', 'clear', 'wall', 'clear']"
1009,1,clear,clear,down,True,False,True,10,43,0,"['edge', 'edge', 'edge', 'clear', 'clear', 'clear', 'wall', 'clear', 'clear']"
1009,1,clear,clear,right,True,False,False,10,46,0,"['clear', 'clear', 'clear', 'wall', 'clear', 'clear', 'clear', 'wall', 'mud']"
1009,1,clear,clear,up,True,False,False,10,46,0,"['clear', 'clear', 'clear', 'clear', 'clear', 'mud', 'wall', 'mud', 'mud']"
1009,1,clear,clear,right,True,False,False,10,46,0,"['edge', 'edge', 'edge', 'clear', 'clear', 'clear', 'clear', 'clear', 'mud']"
1009,1,clear,clear,right,True,False,False,10,46,0,"['edge', 'edge', 'edge', 'clear', 'clear', 'clear', 'clear', 'mud', 'mud']"
1009,1,clear,clear,right,True,False,False,10,46,0,"['edge', 'edge', 'edge', 'clear', 'clear', 'clear', 'mud', 'mud', 'clear']"
1009,1,clear,clear,down,True,False,False,10,46,0,"['edge', 'edge', 'edge', 'clear', 'clear', 'clear', 'mud', 'clear', 'clear']"
1009,1,clear,clear,down,True,False,False,10,46,0,"['clear', 'clear', 'clear', 'mud', 'clear', 'clear', 'mud', 'clear', 'lava']"
1009,1,clear,clear,down,True,False,False,10,46,0,"['mud', 'clear', 'clear', 'mud', 'clear', 'lava', 'clear', 'clear', 'clear']"
1009,1,clear,clear,right,True,False,False,10,46,0,"['mud', 'clear', 'lava', 'clear', 'clear', 'clear', 'clear', 'clear', 'clear']"
1009,1,clear,clear,right,True,False,True,10,46,0,"['clear', 'lava', 'lava', 'clear', 'clear', 'clear', 'clear', 'clear', 'clear']"
1009,1,clear,clear,left,True,False,False,10,49,0,"['lava', 'lava', 'edge', 'clear', 'clear', 'edge', 'clear', 'clear', 'edge']"
1009,1,clear,clear,left,True,False,False,10,50,0,"['clear', 'lava', 'lava', 'clear', 'clear', 'clear', 'clear', 'clear', 'clear']"
1009,1,clear,clear,left,True,False,False,10,50,0,"['mud', 'clear', 'lava', 'clear', 'clear', 'clear', 'clear', 'clear', 'clear']"
1009,1,clear,clear,left,True,False,True,10,50,0,"['mud', 'mud', 'clear', 'clear', 'clear', 'clear', 'wall', 'clear', 'clear']"
1009,1,clear,clear,right,True,False,False,10,53,0,"['mud', 'mud', 'mud', 'wall', 'clear', 'clear', 'clear', 'wall', 'clear']"
1009,1,clear,clear,right,True,False,False,10,53,0,"['mud', 'mud', 'clear', 'clear', 'clear', 'clear', 'wall', 'clear', 'clear']"
1009,1,clear,clear,right,True,False,False,10,53,0,"['mud', 'clear', 'lava', 'clear', 'clear', 'clear', 'clear', 'clear', 'clear']"
1009,1,clear,clear,right,True,False,False,10,53,0,"['clear', 'lava', 'lava', 'clear', 'clear', 'clear', 'clear', 'clear', 'clear']"
1009,1,clear,clear,down,True,False,False,10,53,0,"['lava', 'lava', 'edge', 'clear', 'clear', 'edge', 'clear', 'clear', 'edge']"
1009,1,clear,clear,down,True,False,False,10,53,0,"['clear', 'clear', 'edge', 'clear', 'clear', 'edge', 'clear', 'clear', 'edge']"
1009,1,clear,clear,down,True,False,False,10,53,0,"['clear', 'clear', 'edge', 'clear', 'clear', 'edge', 'lava', 'clear', 'edge']"
1009,1,clear,clear,down,True,False,False,10,53,0,"['clear', 'clear', 'edge', 'lava', 'clear', 'edge', 'clear', 'clear', 'edge']"
1009,1,clear,clear,down,True,False,False,10,53,0,"['lava', 'clear', 'edge', 'clear', 'clear', 'edge', 'clear', 'clear', 'edge']"
1009,1,clear,clear,down,True,False,True,10,53,0,"['clear', 'clear', 'edge', 'clear', 'clear', 'edge', 'clear', 'clear', 'edge']"
1009,1,clear,clear,left,True,False,False,10,56,0,"['clear', 'clear', 'edge', 'clear', 'clear', 'edge', 'edge', 'edge', 'edge']"
1009,1,clear,clear,up,True,False,False,10,56,0,"['mud', 'clear', 'clear', 'mud', 'clear', 'clear', 'edge', 'edge', 'edge']"
1009,1,clear,clear,up,True,False,False,10,57,0,"['clear', 'clear', 'clear', 'mud', 'clear', 'clear', 'mud', 'clear', 'clear']"
1009,1,clear,clear,left,True,False,False,10,57,0,"['lava', 'lava', 'clear', 'clear', 'clear', 'clear', 'mud', 'clear', 'clear']"
1009,1,clear,clear,left,True,False,False,10,57,0,"['lava', 'lava', 'lava', 'clear', 'clear', 'clear', 'mud', 'mud', 'clear']"
1009,1,clear,clear,left,True,False,False,10,57,0,"['wall', 'lava', 'lava', 'clear', 'clear', 'clear', 'clear', 'mud', 'mud']"
1009,1,clear,clear,down,True,False,False,10,57,0,"['clear', 'wall', 'lava', 'wall', 'clear', 'clear', 'clear', 'clear', 'mud']"
1009,1,clear,clear,left,True,False,False,10,57,0,"['wall', 'clear', 'clear', 'clear', 'clear', 'mud', 'clear', 'clear', 'flag']"
1009,1,clear,clear,down,True,False,True,10,57,0,"['clear', 'wall', 'clear', 'wall', 'clear', 'clear', 'wall', 'clear', 'clear']"
1009,1,clear,clear,right,True,False,False,10,60,0,"['wall', 'clear', 'clear', 'wall', 'clear', 'clear', 'edge', 'edge', 'edge']"
1009,1,clear,flag,right,True,False,False,10,60,0,"['clear', 'clear', 'mud', 'clear', 'clear', 'flag', 'edge', 'edge', 'edge']"
1009,2,clear,clear,down,True,False,False,10,60,0,"['edge', 'clear', 'lava', 'edge', 'clear', 'lava', 'edge', 'clear', 'clear']"
1009,2,clear,clear,right,True,False,False,10,60,0,"['edge', 'clear', 'lava', 'edge', 'clear', 'clear', 'edge', 'edge', 'edge']"
1009,2,clear,clear,right,True,False,False,10,60,0,"['clear', 'lava', 'clear', 'clear', 'clear', 'clear', 'edge', 'edge', 'edge']"
1009,2,clear,clear,up,True,False,False,10,60,0,"['lava', 'clear', 'clear', 'clear', 'clear', 'mud', 'edge', 'edge', 'edge']"
1009,2,clear,clear,right,True,False,False,10,60,0,"['lava', 'wall', 'wall', 'lava', 'clear', 'clear', 'clear', 'clear', 'mud']"
1009,2,clear,clear,right,True,False,False,10,60,0,"['wall', 'wall', 'wall', 'clear', 'clear', 'clear', 'clear', 'mud', 'mud']"
1009,2,clear,clear,right,True,False,False,10,60,0,"['wall', 'wall', 'clear', 'clear', 'clear', 'clear', 'mud', 'mud', 'clear']"
1009,2,clear,clear,down,True,False,False,10,60,0,"['wall', 'clear', 'clear', 'clear', 'clear', 'wall', 'mud', 'clear', 'clear']"
1009,2,clear,clear,right,True,False,False,10,60,0,"['clear', 'clear', 'wall', 'mud', 'clear', 'clear', 'edge', 'edge', 'edge']"
1009,2,clear,clear,right,True,False,False,10,60,0,"['clear', 'wall', 'wall', 'clear', 'clear', 'clear', 'edge', 'edge', 'edge']"
1009,2,clear,clear,right,True,False,False,10,60,0,"['wall', 'wall', 'lava', 'clear', 'clear', 'clear', 'edge', 'edge', 'edge']"
1009,2,clear,clear,right,True,False,False,10,60,0,"['wall', 'lava', 'clear', 'clear', 'clear', 'clear', 'edge', 'edge', 'edge']"
1009,2,clear,clear,up,True,False,True,10,60,0,"['lava', 'clear', 'edge', 'clear', 'clear', 'edge', 'edge', 'edge', 'edge']"
1009,2,clear,clear,down,True,False,False,10,63,0,"['clear', 'lava', 'edge', 'lava', 'clear', 'edge', 'clear', 'clear', 'edge']"
1009,2,clear,clear,left,True,False,False,10,64,0,"['lava', 'clear', 'edge', 'clear', 'clear', 'edge', 'edge', 'edge', 'edge']"
1009,2,clear,clear,left,True,False,False,10,64,0,"['wall', 'lava', 'clear', 'clear', 'clear', 'clear', 'edge', 'edge', 'edge']"
1009,2,clear,clear,left,True,False,False,10,64,0,"['wall', 'wall', 'lava', 'clear', 'clear', 'clear', 'edge', 'edge', 'edge']"
1009,2,clear,clear,left,True,False,False,10,64,0,"['clear', 'wall', 'wall', 'clear', 'clear', 'clear', 'edge', 'edge', 'edge']"
1009,2,clear,clear,up,True,False,False,10,64,0,"['clear', 'clear', 'wall', 'mud', 'clear', 'clear', 'edge', 'edge', 'edge']"
1009,2,clear,clear,up,True,False,False,10,64,0,"['wall', 'clear', 'clear', 'clear', 'clear', 'wall', 'mud', 'clear', 'clear']"
1009,2,clear,clear,right,True,False,False,10,64,0,"['wall', 'lava', 'clear', 'wall', 'clear', 'clear', 'clear', 'clear', 'wall']"
1009,2,clear,clear,up,True,False,False,10,64,0,"['lava', 'clear', 'wall', 'clear', 'clear', 'wall', 'clear', 'wall', 'wall']"
1009,2,clear,clear,up,True,False,False,10,64,0,"['clear', 'clear', 'wall', 'lava', 'clear', 'wall', 'clear', 'clear', 'wall']"
1009,2,clear,clear,left,True,False,True,10,64,0,"['clear', 'clear', 'wall', 'clear', 'clear', 'wall', 'lava', 'clear', 'wall']"
1009,2,clear,clear,up,True,False,False,10,67,0,"['wall', 'clear', 'clear', 'mud', 'clear', 'clear', 'wall', 'lava', 'clear']"
1009,2,clear,clear,up,True,False,False,10,67,0,"['clear', 'clear', 'clear', 'wall', 'clear', 'clear', 'mud', 'clear', 'clear']"
1009,2,clear,clear,up,True,False,True,10,67,0,"['clear', 'clear', 'wall', 'clear', 'clear', 'clear', 'wall', 'clear', 'clear']"
1009,2,clear,clear,left,True,False,False,10,70,0,"['wall', 'mud', 'wall', 'clear', 'clear', 'wall', 'clear', 'clear', 'clear']"
1009,2,clear,clear,down,True,False,False,10,70,0,"['clear', 'wall', 'mud', 'wall', 'clear', 'clear', 'clear', 'clear', 'clear']"
1009,2,clear,clear,left,True,False,False,10,71,0,"['wall', 'clear', 'clear', 'clear', 'clear', 'clear', 'wall', 'wall', 'clear']"
1009,2,clear,clear,left,True,False,False,10,71,0,"['wall', 'wall', 'clear', 'clear', 'clear', 'clear', 'lava', 'wall', 'wall']"
1009,2,clear,clear,left,True,False,False,10,71,0,"['wall', 'wall', 'wall', 'clear', 'clear', 'clear', 'clear', 'lava', 'wall']"
1009,2,clear,clear,down,True,False,True,10,71,0,"['wall', 'wall', 'wall', 'clear', 'clear', 'clear', 'clear', 'clear', 'lava']"
1009,2,clear,clear,up,True,False,False,10,74,0,"['clear', 'clear', 'clear', 'clear', 'clear', 'lava', 'mud', 'wall', 'clear']"
1009,2,clear,clear,right,True,False,False,10,74,0,"['wall', 'wall', 'wall', 'clear', 'clear', 'clear', 'clear', 'clear', 'lava']"
1009,2,clear,clear,right,True,False,False,10,74,0,"['wall', 'wall', 'wall', 'clear', 'clear', 'clear', 'clear', 'lava', 'wall']"
1009,2,clear,clear,right,True,False,False,10,74,0,"['wall', 'wall', 'clear', 'clear', 'clear', 'clear', 'lava', 'wall', 'wall']"
1009,2,clear,clear,right,True,False,False,10,74,0,"['wall', 'clear', 'clear', 'clear', 'clear', 'clear', 'wall', 'wall', 'clear']"
1009,2,clear,clear,right,True,False,False,10,74,0,"['clear', 'clear', 'wall', 'clear', 'clear', 'clear', 'wall', 'clear', 'clear']"
1009,2,clear,clear,right,True,False,False,10,74,0,"['clear', 'wall', 'lava', 'clear', 'clear', 'clear', 'clear', 'clear', 'wall']"
1009,2,clear,clear,right,True,False,False,10,74,0,"['wall', 'lava', 'lava', 'clear', 'clear', 'clear', 'clear', 'wall', 'clear']"
1009,2,clear,clear,right,True,False,False,10,74,0,"['lava', 'lava', 'clear', 'clear', 'clear', 'clear', 'wall', 'clear', 'clear']"
1009,2,clear,clear,up,True,False,False,10,74,0,"['lava', 'clear', 'edge', 'clear', 'clear', 'edge', 'clear', 'clear', 'edge']"
1009,2,clear,clear,up,True,False,False,10,74,0,"['clear', 'clear', 'edge', 'lava', 'clear', 'edge', 'clear', 'clear', 'edge']"
1009,2,clear,clear,up,True,False,False,10,75,0,"['clear', 'clear', 'edge', 'clear', 'clear', 'edge', 'lava', 'clear', 'edge']"
1009,2,clear,clear,left,True,False,False,10,75,0,"['edge', 'edge', 'edge', 'clear', 'clear', 'edge', 'clear', 'clear', 'edge']"
1009,2,clear,clear,left,True,False,False,10,75,0,"['edge', 'edge', 'edge', 'clear', 'clear', 'clear', 'wall', 'clear', 'clear']"
1009,2,clear,clear,left,True,False,False,10,75,0,"['edge', 'edge', 'edge', 'clear', 'clear', 'clear', 'wall', 'wall', 'clear']"
1009,2,clear,clear,left,True,False,False,10,75,0,"['edge', 'edge', 'edge', 'clear', 'clear', 'clear', 'mud', 'wall', 'wall']"
1009,2,clear,clear,left,True,False,False,10,75,0,"['edge', 'edge', 'edge', 'clear', 'clear', 'clear', 'wall', 'mud', 'wall']"
1009,2,clear,clear,left,True,False,False,10,75,0,"['edge', 'edge', 'edge', 'clear', 'clear', 'clear', 'clear', 'wall', 'mud']"
1009,2,clear,clear,down,True,False,True,10,75,0,"['edge', 'edge', 'edge', 'clear', 'clear', 'clear', 'wall', 'clear', 'wall']"
1009,2,clear,clear,up,True,False,False,10,78,0,"['clear', 'clear', 'clear', 'wall', 'clear', 'wall', 'wall', 'wall', 'clear']"
1009,2,clear,clear,left,True,False,False,10,78,0,"['edge', 'edge', 'edge', 'clear', 'clear', 'clear', 'wall', 'clear', 'wall']"
1009,2,clear,clear,left,True,False,False,10,78,0,"['edge', 'edge', 'edge', 'clear', 'clear', 'clear', 'clear', 'wall', 'clear']"
1009,2,clear,clear,left,True,False,False,10,78,0,"['edge', 'edge', 'edge', 'clear', 'clear', 'clear', 'flag', 'clear', 'wall']"
1009,2,clear,flag,down,True,False,False,10,78,0,"['edge', 'edge', 'edge', 'edge', 'clear', 'clear', 'edge', 'flag', 'clear']"
1009,3,clear,clear,down,True,False,False,10,78,0,"['edge', 'clear', 'clear', 'edge', 'clear', 'wall', 'edge', 'clear', 'clear']"
1009,3,clear,clear,right,True,False,False,10,78,0,"['edge', 'clear', 'wall', 'edge', 'clear', 'clear', 'edge', 'edge', 'edge']"
1009,3,clear,clear,right,True,False,False,10,78,0,"['clear', 'wall', 'clear', 'clear', 'clear', 'clear', 'edge', 'edge', 'edge']"
1009,3,clear,clear,right,True,False,False,10,78,0,"['wall', 'clear', 'wall', 'clear', 'clear', 'clear', 'edge', 'edge', 'edge']"
1009,3,clear,clear,right,True,False,False,10,78,0,"['clear', 'wall', 'wall', 'clear', 'clear', 'clear', 'edge', 'edge', 'edge']"
1009,3,clear,clear,right,True,False,False,10,78,0,"['wall', 'wall', 'clear', 'clear', 'clear', 'clear', 'edge', 'edge', 'edge']"
1009,3,clear,clear,right,True,False,False,10,78,0,"['wall', 'clear', 'mud', 'clear', 'clear', 'clear', 'edge', 'edge', 'edge']"
1009,3,clear,clear,right,True,False,False,10,78,0,"['clear', 'mud', 'mud', 'clear', 'clear', 'clear', 'edge', 'edge', 'edge']"
1009,3,clear,clear,right,True,False,False,10,78,0,"['mud', 'mud', 'clear', 'clear', 'clear', 'clear', 'edge', 'edge', 'edge']"
1009,3,clear,clear,right,True,False,False,10,78,0,"['mud', 'clear', 'clear', 'clear', 'clear', 'clear', 'edge', 'edge', 'edge']"
1009,3,clear,clear,up,True,False,True,10,78,0,"['clear', 'clear', 'edge', 'clear', 'clear', 'edge', 'edge', 'edge', 'edge']"
1009,3,clear,clear,down,True,False,False,10,81,0,"['mud', 'wall', 'edge', 'clear', 'clear', 'edge', 'clear', 'clear', 'edge']"
1009,3,clear,clear,left,True,False,False,10,81,0,"['clear', 'clear', 'edge', 'clear', 'clear', 'edge', 'edge', 'edge', 'edge']"
1009,3,clear,clear,left,True,False,False,10,81,0,"['mud', 'clear', 'clear', 'clear', 'clear', 'clear', 'edge', 'edge', 'edge']"
1009,3,clear,clear,left,True,False,False,10,82,0,"['mud', 'mud', 'clear', 'clear', 'clear', 'clear', 'edge', 'edge', 'edge']"
1009,3,clear,clear,left,True,False,False,10,82,0,"['clear', 'mud', 'mud', 'clear', 'clear', 'clear', 'edge', 'edge', 'edge']"
1009,3,clear,clear,left,True,False,False,10,82,0,"['wall', 'clear', 'mud', 'clear', 'clear', 'clear', 'edge', 'edge', 'edge']"
1009,3,clear,clear,left,True,False,False,10,82,0,"['wall', 'wall', 'clear', 'clear', 'clear', 'clear', 'edge', 'edge', 'edge']"
1009,3,clear,clear,left,True,False,False,10,82,0,"['clear', 'wall', 'wall', 'clear', 'clear', 'clear', 'edge', 'edge', 'edge']"
1009,3,clear,clear,left,True,False,False,10,82,0,"['wall', 'clear', 'wall', 'clear', 'clear', 'clear', 'edge', 'edge', 'edge']"
1009,3,clear,clear,left,True,False,False,10,82,0,"['clear', 'wall', 'clear', 'clear', 'clear', 'clear', 'edge', 'edge', 'edge']"
1009,3,clear,clear,up,True,False,False,10,82,0,"['edge', 'clear', 'wall', 'edge', 'clear', 'clear', 'edge', 'edge', 'edge']"
1009,3,clear,clear,up,True,False,False,10,82,0,"['edge', 'clear', 'clear', 'edge', 'clear', 'wall', 'edge', 'clear', 'clear']"
1009,3,clear,clear,up,True,False,False,10,82,0,"['edge', 'clear', 'wall', 'edge', 'clear', 'clear', 'edge', 'clear', 'wall']"
1009,3,clear,clear,up,True,False,False,10,82,0,"['edge', 'clear', 'wall', 'edge', 'clear', 'wall', 'edge', 'clear', 'clear']"
1009,3,clear,clear,up,True,False,False,10,82,0,"['edge', 'clear', 'clear', 'edge', 'clear', 'wall', 'edge', 'clear', 'wall']"
1009,3,clear,clear,up,True,False,False,10,82,0,"['edge', 'clear', 'clear', 'edge', 'clear', 'clear', 'edge', 'clear', 'wall']"
1009,3,clear,clear,up,True,False,False,10,82,0,"['edge', 'clear', 'wall', 'edge', 'clear', 'clear', 'edge', 'clear', 'clear']"
1009,3,clear,clear,up,True,False,False,10,82,0,"['edge', 'clear', 'wall', 'edge', 'clear', 'wall', 'edge', 'clear', 'clear']"
1009,3,clear,clear,up,True,False,False,10,83,0,"['edge', 'clear', 'clear', 'edge', 'clear', 'wall', 'edge', 'clear', 'wall']"
1009,3,clear,clear,right,True,False,False,10,83,0,"['edge', 'edge', 'edge', 'edge', 'clear', 'clear', 'edge', 'clear', 'wall']"
1009,3,clear,clear,right,True,False,False,10,83,0,"['edge', 'edge', 'edge', 'clear', 'clear', 'clear', 'clear', 'wall', 'clear']"
1009,3,clear,clear,down,True,False,False,10,83,0,"['edge', 'edge', 'edge', 'clear', 'clear', 'clear', 'wall', 'clear', 'clear']"
1009,3,clear,clear,down,True,False,True,10,83,0,"['clear', 'clear', 'clear', 'wall', 'clear', 'clear', 'wall', 'clear', 'wall']"
1009,3,clear,clear,up,True,False,False,10,86,0,"['wall', 'clear', 'clear', 'wall', 'clear', 'wall', 'clear', 'wall', 'clear']"
1009,3,clear,clear,right,True,False,False,10,86,0,"['clear', 'clear', 'clear', 'wall', 'clear', 'clear', 'wall', 'clear', 'wall']"
1009,3,clear,clear,up,True,False,False,10,86,0,"['clear', 'clear', 'clear', 'clear', 'clear', 'wall', 'clear', 'wall', 'wall']"
1009,3,clear,clear,right,True,False,False,10,86,0,"['edge', 'edge', 'edge', 'clear', 'clear', 'clear', 'clear', 'clear', 'wall']"
1009,3,clear,clear,right,True,False,False,10,86,0,"['edge', 'edge', 'edge', 'clear', 'clear', 'clear', 'clear', 'wall', 'wall']"
1009,3,clear,clear,right,True,False,False,10,86,0,"['edge', 'edge', 'edge', 'clear', 'clear', 'clear', 'wall', 'wall', 'clear']"
1009,3,clear,clear,right,True,False,False,10,86,0,"['edge', 'edge', 'edge', 'clear', 'clear', 'clear', 'wall', 'clear', 'clear']"
1009,3,clear,clear,down,True,False,False,10,86,0,"['edge', 'edge', 'edge', 'clear', 'clear', 'clear', 'clear', 'clear', 'lava']"
1009,3,clear,wall,down,False,False,False,10,82,1,"['clear', 'clear', 'clear', 'clear', 'clear', 'lava', 'clear', 'wall', 'clear']"
1009,3,clear,wall,down,False,False,False,9,78,1,"['clear', 'clear', 'clear', 'clear', 'clear', 'lava', 'clear', 'wall', 'clear']"
1009,3,clear,wall,down,False,False,False,8,74,1,"['clear', 'clear', 'clear', 'clear', 'clear', 'lava', 'clear', 'wall', 'clear']"
1009,3,clear,clear,left,True,False,False,8,74,0,"['clear', 'clear', 'clear', 'clear', 'clear', 'lava', 'clear', 'wall', 'clear']"
1009,3,clear,wall,left,False,False,False,8,70,1,"['clear', 'clear', 'clear', 'wall', 'clear', 'clear', 'clear', 'clear', 'wall']"
1009,3,clear,clear,down,True,False,False,7,70,0,"['clear', 'clear', 'clear', 'wall', 'clear', 'clear', 'clear', 'clear', 'wall']"
1009,3,clear,clear,left,True,False,False,7,71,0,"['wall', 'clear', 'clear', 'clear', 'clear', 'wall', 'mud', 'wall', 'mud']"
1009,3,clear,mud,down,True,False,False,7,66,2,"['wall', 'wall', 'clear', 'wall', 'clear', 'clear', 'clear', 'mud', 'wall']"
1009,3,mud,clear,down,True,False,False,5,66,0,"['wall', 'clear', 'clear', 'clear', 'mud', 'wall', 'clear', 'clear', 'wall']"
1009,3,clear,clear,left,True,False,False,5,66,0,"['clear', 'mud', 'wall', 'clear', 'clear', 'wall', 'mud', 'clear', 'wall']"
1009,3,clear,clear,left,True,False,True,5,66,0,"['clear', 'clear', 'mud', 'clear', 'clear', 'clear', 'clear', 'mud', 'clear']"
1009,3,clear,clear,down,True,False,False,5,69,0,"['wall', 'clear', 'clear', 'wall', 'clear', 'clear', 'clear', 'clear', 'mud']"
1009,3,clear,clear,down,True,False,False,5,69,0,"['wall', 'clear', 'clear', 'clear', 'clear', 'mud', 'wall', 'clear', 'clear']"
1009,3,clear,clear,right,True,False,False,5,69,0,"['clear', 'clear', 'mud', 'wall', 'clear', 'clear', 'wall', 'wall', 'clear']"
1009,3,clear,clear,down,True,False,True,5,69,0,"['clear', 'mud', 'clear', 'clear', 'clear', 'wall', 'wall', 'clear', 'wall']"
1009,3,clear,wall,down,False,False,False,5,68,1,"['clear', 'clear', 'wall', 'wall', 'clear', 'wall', 'wall', 'wall', 'clear']"
1009,3,clear,clear,up,True,False,False,4,68,0,"['clear', 'clear', 'wall', 'wall', 'clear', 'wall', 'wall', 'wall', 'clear']"
1009,3,clear,clear,left,True,False,False,4,68,0,"['clear', 'mud', 'clear', 'clear', 'clear', 'wall', 'wall', 'clear', 'wall']"
1009,3,clear,clear,up,True,False,False,4,68,0,"['clear', 'clear', 'mud', 'wall', 'clear', 'clear', 'wall', 'wall', 'clear']"
1009,3,clear,clear,up,True,False,False,4,68,0,"['wall', 'clear', 'clear', 'clear', 'clear', 'mud', 'wall', 'clear', 'clear']"
1009,3,clear,clear,right,True,False,False,4,68,0,"['wall', 'clear', 'clear', 'wall', 'clear', 'clear', 'clear', 'clear', 'mud']"
1009,3,clear,clear,right,True,False,False,4,68,0,"['clear', 'clear', 'mud', 'clear', 'clear', 'clear', 'clear', 'mud', 'clear']"
1009,3,clear,mud,up,True,False,False,4,63,2,"['clear', 'mud', 'wall', 'clear', 'clear', 'wall', 'mud', 'clear', 'wall']"
1009,3,mud,clear,up,True,False,False,2,63,0,"['wall', 'clear', 'clear', 'clear', 'mud', 'wall', 'clear', 'clear', 'wall']"
1009,3,clear,wall,up,False,False,False,2,59,1,"['wall', 'wall', 'clear', 'wall', 'clear', 'clear', 'clear', 'mud', 'wall']"
1009,3,clear,clear,right,True,False,False,1,60,0,"['wall', 'wall', 'clear', 'wall', 'clear', 'clear', 'clear', 'mud', 'wall']"
1009,3,clear,clear,up,True,False,False,1,60,0,"['wall', 'clear', 'clear', 'clear', 'clear', 'wall', 'mud', 'wall', 'mud']"
1009,3,clear,clear,up,True,False,False,1,60,0,"['clear', 'clear', 'clear', 'wall', 'clear', 'clear', 'clear', 'clear', 'wall']"
1009,3,clear,clear,right,True,False,False,1,60,0,"['edge', 'edge', 'edge', 'clear', 'clear', 'clear', 'wall', 'clear', 'clear']"
1009,3,clear,clear,right,True,False,False,1,60,0,"['edge', 'edge', 'edge', 'clear', 'clear', 'clear', 'clear', 'clear', 'lava']"
1009,3,clear,flag,right,True,False,False,1,60,0,"['edge', 'edge', 'edge', 'clear', 'clear', 'flag', 'clear', 'lava', 'clear']"
1009,4,clear,clear,right,True,False,False,10,60,0,"['edge', 'clear', 'clear', 'edge', 'clear', 'clear', 'edge', 'clear', 'clear']"
1009,4,clear,clear,right,True,False,False,10,60,0,"['clear', 'clear', 'mud', 'clear', 'clear', 'clear', 'clear', 'clear', 'clear']"
1009,4,clear,clear,right,True,False,False,10,60,0,"['clear', 'mud', 'mud', 'clear', 'clear', 'clear', 'clear', 'clear', 'clear']"
1009,4,clear,clear,right,True,False,False,10,60,0,"['mud', 'mud', 'mud', 'clear', 'clear', 'clear', 'clear', 'clear', 'clear']"
1009,4,clear,clear,right,True,False,False,10,60,0,"['mud', 'mud', 'clear', 'clear', 'clear', 'clear', 'clear', 'clear', 'clear']"
1009,4,clear,clear,right,True,False,True,10,60,0,"['mud', 'clear', 'clear', 'clear', 'clear', 'clear', 'clear', 'clear', 'clear']"
1009,4,clear,clear,up,True,False,False,10,63,0,"['clear', 'clear', 'wall', 'clear', 'clear', 'wall', 'clear', 'clear', 'wall']"
1009,4,clear,clear,up,True,False,False,10,63,0,"['clear', 'clear', 'clear', 'clear', 'clear', 'wall', 'clear', 'clear', 'wall']"
1009,4,clear,clear,right,True,False,False,10,63,0,"['clear', 'clear', 'clear', 'clear', 'clear', 'clear', 'clear', 'clear', 'wall']"
1009,4,clear,clear,right,True,False,False,10,63,0,"['clear', 'clear', 'wall', 'clear', 'clear', 'clear', 'clear', 'wall', 'clear']"
1009,4,clear,clear,right,True,False,False,10,63,0,"['clear', 'wall', 'wall', 'clear', 'clear', 'clear', 'wall', 'clear', 'clear']"
1009,4,clear,clear,right,True,False,False,10,63,0,"['wall', 'wall', 'wall', 'clear', 'clear', 'clear', 'clear', 'clear', 'clear']"
1009,4,clear,clear,right,True,False,False,10,63,0,"['wall', 'wall', 'wall', 'clear', 'clear', 'clear', 'clear', 'clear', 'clear']"
1009,4,clear,clear,right,True,False,False,10,63,0,"['wall', 'wall', 'wall', 'clear', 'clear', 'clear', 'clear', 'clear', 'clear']"
1009,4,clear,clear,right,True,False,False,10,64,0,"['wall', 'wall', 'wall', 'clear', 'clear', 'clear', 'clear', 'clear', 'clear']"
1009,4,clear,clear,right,True,False,False,10,64,0,"['wall', 'wall', 'wall', 'clear', 'clear', 'clear', 'clear', 'clear', 'clear']"
1009,4,clear,clear,down,True,False,False,10,64,0,"['wall', 'wall', 'wall', 'clear', 'clear', 'clear', 'clear', 'clear', 'clear']"
1009,4,clear,clear,right,True,False,False,10,64,0,"['clear', 'clear', 'clear', 'clear', 'clear', 'clear', 'clear', 'lava', 'lava']"
1009,4,clear,clear,right,True,False,False,10,64,0,"['clear', 'clear', 'wall', 'clear', 'clear', 'clear', 'lava', 'lava', 'clear']"
1009,4,clear,clear,down,True,False,False,10,64,0,"['clear', 'wall', 'mud', 'clear', 'clear', 'wall', 'lava', 'clear', 'clear']"
1009,4,clear,lava,down,True,False,False,10,54,3,"['clear', 'clear', 'wall', 'lava', 'clear', 'clear', 'lava', 'lava', 'clear']"
1009,4,lava,clear,right,True,False,False,7,54,0,"['lava', 'clear', 'clear', 'lava', 'lava', 'clear', 'edge', 'edge', 'edge']"
1009,4,clear,clear,right,True,False,True,7,54,0,"['clear', 'clear', 'wall', 'lava', 'clear', 'clear', 'edge', 'edge', 'edge']"
1009,4,clear,clear,left,True,False,False,7,57,0,"['clear', 'wall', 'flag', 'clear', 'clear', 'wall', 'edge', 'edge', 'edge']"
1009,4,clear,clear,up,True,False,False,7,57,0,"['clear', 'clear', 'wall', 'lava', 'clear', 'clear', 'edge', 'edge', 'edge']"
1009,4,clear,clear,left,True,False,False,7,57,0,"['clear', 'wall', 'clear', 'clear', 'clear', 'wall', 'lava', 'clear', 'clear']"
1009,4,clear,clear,up,True,False,False,7,57,0,"['clear', 'clear', 'wall', 'lava', 'clear', 'clear', 'lava', 'lava', 'clear']"
1009,4,clear,clear,left,True,False,False,7,57,0,"['clear', 'wall', 'mud', 'clear', 'clear', 'wall', 'lava', 'clear', 'clear']"
1009,4,clear,clear,left,True,False,False,7,57,0,"['clear', 'clear', 'wall', 'clear', 'clear', 'clear', 'lava', 'lava', 'clear']"
1009,4,clear,clear,left,True,False,False,7,57,0,"['clear', 'clear', 'clear', 'clear', 'clear', 'clear', 'clear', 'lava', 'lava']"
1009,4,clear,clear,left,True,False,False,7,58,0,"['clear', 'clear', 'clear', 'clear', 'clear', 'clear', 'wall', 'clear', 'lava']"
1009,4,clear,clear,left,True,False,False,7,58,0,"['clear', 'clear', 'clear', 'clear', 'clear', 'clear', 'wall', 'wall', 'clear']"
1009,4,clear,clear,left,True,False,False,7,58,0,"['clear', 'clear', 'clear', 'clear', 'clear', 'clear', 'clear', 'wall', 'wall']"
1009,4,clear,clear,left,True,False,False,7,58,0,"['clear', 'clear', 'clear', 'clear', 'clear', 'clear', 'clear', 'clear', 'wall']"
1009,4,clear,clear,left,True,False,False,7,58,0,"['clear', 'clear', 'clear', 'clear', 'clear', 'clear', 'clear', 'clear', 'clear']"
1009,4,clear,clear,up,True,False,False,7,58,0,"['clear', 'clear', 'clear', 'wall', 'clear', 'clear', 'wall', 'clear', 'clear']"
1009,4,clear,clear,left,True,False,False,7,58,0,"['clear', 'wall', 'wall', 'clear', 'clear', 'clear', 'wall', 'clear', 'clear']"
1009,4,clear,clear,up,True,False,False,7,58,0,"['clear', 'clear', 'wall', 'clear', 'clear', 'clear', 'clear', 'wall', 'clear']"
1009,4,clear,clear,up,True,False,False,7,58,0,"['clear', 'clear', 'wall', 'clear', 'clear', 'wall', 'clear', 'clear', 'clear']"
1009,4,clear,clear,up,True,False,False,7,58,0,"['clear', 'clear', 'wall', 'clear', 'clear', 'wall', 'clear', 'clear', 'wall']"
1009,4,clear,clear,up,True,False,False,7,58,0,"['clear', 'clear', 'clear', 'clear', 'clear', 'wall', 'clear', 'clear', 'wall']"
1009,4,clear,clear,right,True,False,False,7,58,0,"['clear', 'clear', 'clear', 'clear', 'clear', 'clear', 'clear', 'clear', 'wall']"
1009,4,clear,clear,up,True,False,False,7,58,0,"['clear', 'clear', 'clear', 'clear', 'clear', 'wall', 'clear', 'wall', 'wall']"
1009,4,clear,clear,up,True,False,False,7,58,0,"['lava', 'clear', 'clear', 'clear', 'clear', 'clear', 'clear', 'clear', 'wall']"
1009,4,clear,clear,up,True,False,False,7,58,0,"['lava', 'clear', 'clear', 'lava', 'clear', 'clear', 'clear', 'clear', 'clear']"
1009,4,clear,clear,up,True,False,False,7,59,0,"['clear', 'clear', 'wall', 'lava', 'clear', 'clear', 'lava', 'clear', 'clear']"
1009,4,clear,clear,up,True,False,False,7,59,0,"['clear', 'clear', 'wall', 'clear', 'clear', 'wall', 'lava', 'clear', 'clear']"
1009,4,clear,clear,up,True,False,False,7,59,0,"['clear', 'clear', 'wall', 'clear', 'clear', 'wall', 'clear', 'clear', 'wall']"
1009,4,clear,clear,up,True,False,False,7,59,0,"['mud', 'clear', 'clear', 'clear', 'clear', 'wall', 'clear', 'clear', 'wall']"
1009,4,clear,clear,up,True,False,False,7,59,0,"['mud', 'clear', 'clear', 'mud', 'clear', 'clear', 'clear', 'clear', 'wall']"
1009,4,clear,clear,up,True,False,False,7,59,0,"['clear', 'clear', 'clear', 'mud', 'clear', 'clear', 'mud', 'clear', 'clear']"
1009,4,clear,clear,left,True,False,False,7,59,0,"['clear', 'clear', 'clear', 'clear', 'clear', 'clear', 'mud', 'clear', 'clear']"
1009,4,clear,clear,up,True,False,False,7,59,0,"['clear', 'clear', 'clear', 'mud', 'clear', 'clear', 'mud', 'mud', 'clear']"
1009,4,clear,clear,left,True,False,False,7,59,0,"['clear', 'clear', 'clear', 'clear', 'clear', 'clear', 'mud', 'clear', 'clear']"
1009,4,clear,clear,left,True,False,False,7,59,0,"['clear', 'clear', 'clear', 'clear', 'clear', 'clear', 'clear', 'mud', 'clear']"
1009,4,clear,clear,up,True,False,False,7,59,0,"['clear', 'clear', 'clear', 'wall', 'clear', 'clear', 'clear', 'clear', 'mud']"
1009,4,clear,clear,left,True,False,False,7,59,0,"['clear', 'wall', 'wall', 'clear', 'clear', 'clear', 'wall', 'clear', 'clear']"
1009,4,clear,clear,left,True,False,True,7,59,0,"['clear', 'clear', 'wall', 'clear', 'clear', 'clear', 'wall', 'wall', 'clear']"
1009,4,clear,clear,up,True,False,False,7,62,0,"['lava', 'clear', 'clear', 'lava', 'clear', 'clear', 'wall', 'wall', 'wall']"
1009,4,clear,clear,right,True,False,False,7,62,0,"['edge', 'edge', 'edge', 'lava', 'clear', 'clear', 'lava', 'clear', 'clear']"
1009,4,clear,clear,down,True,False,False,7,63,0,"['edge', 'edge', 'edge', 'clear', 'clear', 'wall', 'clear', 'clear', 'clear']"
1009,4,clear,clear,right,True,False,False,7,63,0,"['clear', 'clear', 'wall', 'clear', 'clear', 'clear', 'wall', 'wall', 'clear']"
1009,4,clear,clear,down,True,False,False,7,63,0,"['clear', 'wall', 'wall', 'clear', 'clear', 'clear', 'wall', 'clear', 'clear']"
1009,4,clear,clear,down,True,False,False,7,63,0,"['clear', 'clear', 'clear', 'wall', 'clear', 'clear', 'clear', 'clear', 'mud']"
1009,4,clear,clear,left,True,False,False,7,63,0,"['wall', 'clear', 'clear', 'clear', 'clear', 'mud', 'clear', 'clear', 'mud']"
1009,4,clear,clear,left,True,False,False,7,63,0,"['wall', 'wall', 'clear', 'clear', 'clear', 'clear', 'clear', 'clear', 'clear']"
1009,4,clear,clear,left,True,False,False,7,63,0,"['wall', 'wall', 'wall', 'clear', 'clear', 'clear', 'clear', 'clear', 'clear']"
1009,4,clear,clear,left,True,False,False,7,63,0,"['clear', 'wall', 'wall', 'clear', 'clear', 'clear', 'wall', 'clear', 'clear']"
1009,4,clear,clear,right,True,False,False,7,63,0,"['clear', 'clear', 'wall', 'clear', 'clear', 'clear', 'clear', 'wall', 'clear']"
1009,4,clear,clear,right,True,False,False,7,63,0,"['clear', 'wall', 'wall', 'clear', 'clear', 'clear', 'wall', 'clear', 'clear']"
1009,4,clear,clear,right,True,False,False,7,63,0,"['wall', 'wall', 'wall', 'clear', 'clear', 'clear', 'clear', 'clear', 'clear']"
1009,4,clear,clear,right,True,False,False,7,63,0,"['wall', 'wall', 'clear', 'clear', 'clear', 'clear', 'clear', 'clear', 'clear']"
1009,4,clear,clear,up,True,False,False,7,63,0,"['wall', 'clear', 'clear', 'clear', 'clear', 'mud', 'clear', 'clear', 'mud']"
1009,4,clear,clear,right,True,False,False,7,63,0,"['clear', 'clear', 'clear', 'wall', 'clear', 'clear', 'clear', 'clear', 'mud']"
1009,4,clear,clear,right,True,False,False,7,63,0,"['clear', 'clear', 'clear', 'clear', 'clear', 'clear', 'clear', 'mud', 'clear']"
1009,4,clear,clear,right,True,False,False,7,64,0,"['clear', 'clear', 'clear', 'clear', 'clear', 'clear', 'mud', 'clear', 'clear']"
1009,4,clear,clear,right,True,False,False,7,64,0,"['clear', 'clear', 'clear', 'clear', 'clear', 'clear', 'clear', 'clear', 'clear']"
1009,4,clear,clear,up,True,False,False,7,64,0,"['clear', 'clear', 'clear', 'clear', 'clear', 'clear', 'clear', 'clear', 'wall']"
1009,4,clear,clear,right,True,False,False,7,64,0,"['wall', 'wall', 'wall', 'clear', 'clear', 'clear', 'clear', 'clear', 'clear']"
1009,4,clear,clear,right,True,False,False,7,64,0,"['wall', 'wall', 'wall', 'clear', 'clear', 'clear', 'clear', 'clear', 'clear']"
1009,4,clear,clear,down,True,False,False,7,64,0,"['wall', 'wall', 'clear', 'clear', 'clear', 'wall', 'clear', 'clear', 'clear']"
1009,4,clear,clear,right,True,False,False,7,64,0,"['clear', 'clear', 'wall', 'clear', 'clear', 'clear', 'wall', 'wall', 'wall']"
1009,4,clear,clear,right,True,False,False,7,64,0,"['clear', 'wall', 'wall', 'clear', 'clear', 'clear', 'wall', 'wall', 'clear']"
1009,4,clear,clear,down,True,False,False,7,64,0,"['wall', 'wall', 'wall', 'clear', 'clear', 'clear', 'wall', 'clear', 'clear']"
1009,4,clear,clear,right,True,False,False,7,64,0,"['clear', 'clear', 'clear', 'wall', 'clear', 'clear', 'wall', 'clear', 'clear']"
1009,4,clear,clear,right,True,False,False,7,64,0,"['clear', 'clear', 'wall', 'clear', 'clear', 'clear', 'clear', 'clear', 'clear']"
1009,4,clear,clear,right,True,False,False,7,64,0,"['clear', 'wall', 'clear', 'clear', 'clear', 'clear', 'clear', 'clear', 'wall']"
1009,4,clear,clear,up,True,False,False,7,64,0,"['wall', 'clear', 'clear', 'clear', 'clear', 'lava', 'clear', 'wall', 'wall']"
1009,4,clear,clear,right,True,False,False,7,64,0,"['wall', 'wall', 'clear', 'wall', 'clear', 'clear', 'clear', 'clear', 'lava']"
1009,4,clear,clear,up,True,False,False,7,64,0,"['wall', 'clear', 'wall', 'clear', 'clear', 'wall', 'clear', 'lava', 'wall']"
1009,4,clear,wall,right,False,False,False,7,60,1,"['clear', 'clear', 'clear', 'wall', 'clear', 'wall', 'clear', 'clear', 'wall']"
1009,4,clear,clear,up,True,False,False,6,61,0,"['clear', 'clear', 'clear', 'wall', 'clear', 'wall', 'clear', 'clear', 'wall']"
1009,4,clear,clear,right,True,False,False,6,61,0,"['edge', 'edge', 'edge', 'clear', 'clear', 'clear', 'wall', 'clear', 'wall']"
1009,4,clear,clear,right,True,False,False,6,61,0,"['edge', 'edge', 'edge', 'clear', 'clear', 'clear', 'clear', 'wall', 'wall']"
1009,4,clear,edge,right,True,False,False,6,60,0,"['edge', 'edge', 'edge', 'clear', 'clear', 'edge', 'wall', 'wall', 'edge']"
1009,4,clear,clear,left,True,False,False,6,60,0,"['edge', 'edge', 'edge', 'clear', 'clear', 'edge', 'wall', 'wall', 'edge']"
1009,4,clear,clear,left,True,False,False,6,60,0,"['edge', 'edge', 'edge', 'clear', 'clear', 'clear', 'clear', 'wall', 'wall']"
1009,4,clear,clear,down,True,False,False,6,60,0,"['edge', 'edge', 'edge', 'clear', 'clear', 'clear', 'wall', 'clear', 'wall']"
1009,4,clear,clear,down,True,False,False,6,60,0,"['clear', 'clear', 'clear', 'wall', 'clear', 'wall', 'clear', 'clear', 'wall']"
1009,4,clear,clear,left,True,False,False,6,60,0,"['wall', 'clear', 'wall', 'clear', 'clear', 'wall', 'clear', 'lava', 'wall']"
1009,4,clear,clear,down,True,False,False,6,60,0,"['wall', 'wall', 'clear', 'wall', 'clear', 'clear', 'clear', 'clear', 'lava']"
1009,4,clear,clear,left,True,False,False,6,60,0,"['wall', 'clear', 'clear', 'clear', 'clear', 'lava', 'clear', 'wall', 'wall']"
1009,4,clear,clear,down,True,False,False,6,60,0,"['clear', 'wall', 'clear', 'clear', 'clear', 'clear', 'clear', 'clear', 'wall']"
1009,4,clear,clear,down,True,False,False,6,60,0,"['clear', 'clear', 'clear', 'clear', 'clear', 'wall', 'wall', 'clear', 'clear']"
1009,4,clear,clear,right,True,False,False,6,60,0,"['clear', 'clear', 'wall', 'wall', 'clear', 'clear', 'wall', 'clear', 'mud']"
1009,4,clear,clear,right,True,False,False,6,60,0,"['clear', 'wall', 'wall', 'clear', 'clear', 'clear', 'clear', 'mud', 'wall']"
1009,4,clear,clear,right,True,False,False,6,60,0,"['wall', 'wall', 'wall', 'clear', 'clear', 'clear', 'mud', 'wall', 'clear']"
1009,4,clear,clear,right,True,False,False,6,61,0,"['wall', 'wall', 'clear', 'clear', 'clear', 'clear', 'wall', 'clear', 'clear']"
1009,4,clear,clear,up,True,False,False,6,61,0,"['wall', 'clear', 'edge', 'clear', 'clear', 'edge', 'clear', 'clear', 'edge']"
1009,4,clear,clear,up,True,False,False,6,61,0,"['wall', 'clear', 'edge', 'wall', 'clear', 'edge', 'clear', 'clear', 'edge']"
1009,4,clear,clear,up,True,False,True,6,61,0,"['wall', 'clear', 'edge', 'wall', 'clear', 'edge', 'wall', 'clear', 'edge']"
1009,4,clear,clear,down,True,False,False,6,64,0,"['wall', 'wall', 'edge', 'wall', 'clear', 'edge', 'wall', 'clear', 'edge']"
1009,4,clear,clear,down,True,False,False,6,64,0,"['wall', 'clear', 'edge', 'wall', 'clear', 'edge', 'wall', 'clear', 'edge']"
1009,4,clear,clear,down,True,False,False,6,64,0,"['wall', 'clear', 'edge', 'wall', 'clear', 'edge', 'clear', 'clear', 'edge']"
1009,4,clear,clear,left,True,False,False,6,64,0,"['wall', 'clear', 'edge', 'clear', 'clear', 'edge', 'clear', 'clear', 'edge']"
1009,4,clear,clear,left,True,False,False,6,64,0,"['wall', 'wall', 'clear', 'clear', 'clear', 'clear', 'wall', 'clear', 'clear']"
1009,4,clear,clear,left,True,False,False,6,64,0,"['wall', 'wall', 'wall', 'clear', 'clear', 'clear', 'mud', 'wall', 'clear']"
1009,4,clear,clear,left,True,False,False,6,64,0,"['clear', 'wall', 'wall', 'clear', 'clear', 'clear', 'clear', 'mud', 'wall']"
1009,4,clear,clear,up,True,False,False,6,64,0,"['clear', 'clear', 'wall', 'wall', 'clear', 'clear', 'wall', 'clear', 'mud']"
1009,4,clear,clear,up,True,False,False,6,64,0,"['clear', 'clear', 'clear', 'clear', 'clear', 'wall', 'wall', 'clear', 'clear']"
1009,4,clear,clear,right,True,False,False,6,64,0,"['clear', 'wall', 'clear', 'clear', 'clear', 'clear', 'clear', 'clear', 'wall']"
1009,4,clear,clear,up,True,False,False,6,64,0,"['wall', 'clear', 'clear', 'clear', 'clear', 'lava', 'clear', 'wall', 'wall']"
1009,4,clear,clear,right,True,False,False,6,65,0,"['wall', 'wall', 'clear', 'wall', 'clear', 'clear', 'clear', 'clear', 'lava']"
1009,4,clear,clear,up,True,False,False,6,65,0,"['wall', 'clear', 'wall', 'clear', 'clear', 'wall', 'clear', 'lava', 'wall']"
1009,4,clear,clear,up,True,False,False,6,65,0,"['clear', 'clear', 'clear', 'wall', 'clear', 'wall', 'clear', 'clear', 'wall']"
1009,4,clear,clear,left,True,False,False,6,65,0,"['edge', 'edge', 'edge', 'clear', 'clear', 'clear', 'wall', 'clear', 'wall']"
1009,4,clear,clear,left,True,False,False,6,65,0,"['edge', 'edge', 'edge', 'clear', 'clear', 'clear', 'wall', 'wall', 'clear']"
1009,4,clear,clear,left,True,False,False,6,65,0,"['edge', 'edge', 'edge', 'clear', 'clear', 'clear', 'wall', 'wall', 'wall']"
1009,4,clear,clear,left,True,False,True,6,65,0,"['edge', 'edge', 'edge', 'clear', 'clear', 'clear', 'wall', 'wall', 'wall']"
1009,4,clear,edge,up,True,False,False,6,67,0,"['edge', 'edge', 'edge', 'clear', 'clear', 'clear', 'wall', 'wall', 'wall']"
1009,4,clear,clear,right,True,False,False,6,67,0,"['edge', 'edge', 'edge', 'clear', 'clear', 'clear', 'wall', 'wall', 'wall']"
1009,4,clear,clear,right,True,False,False,6,67,0,"['edge', 'edge', 'edge', 'clear', 'clear', 'clear', 'wall', 'wall', 'wall']"
1009,4,clear,clear,right,True,False,False,6,67,0,"['edge', 'edge', 'edge', 'clear', 'clear', 'clear', 'wall', 'wall', 'wall']"
1009,4,clear,clear,right,True,False,False,6,67,0,"['edge', 'edge', 'edge', 'clear', 'clear', 'clear', 'wall', 'wall', 'clear']"
1009,4,clear,clear,down,True,False,False,6,67,0,"['edge', 'edge', 'edge', 'clear', 'clear', 'clear', 'wall', 'clear', 'wall']"
1009,4,clear,clear,down,True,False,False,6,67,0,"['clear', 'clear', 'clear', 'wall', 'clear', 'wall', 'clear', 'clear', 'wall']"
1009,4,clear,clear,left,True,False,False,6,67,0,"['wall', 'clear', 'wall', 'clear', 'clear', 'wall', 'clear', 'lava', 'wall']"
1009,4,clear,clear,down,True,False,False,6,67,0,"['wall', 'wall', 'clear', 'wall', 'clear', 'clear', 'clear', 'clear', 'lava']"
1009,4,clear,clear,left,True,False,False,6,68,0,"['wall', 'clear', 'clear', 'clear', 'clear', 'lava', 'clear', 'wall', 'wall']"
1009,4,clear,clear,left,True,False,False,6,68,0,"['clear', 'wall', 'clear', 'clear', 'clear', 'clear', 'clear', 'clear', 'wall']"
1009,4,clear,clear,up,True,False,False,6,68,0,"['clear', 'clear', 'wall', 'clear', 'clear', 'clear', 'clear', 'clear', 'clear']"
1009,4,clear,clear,left,True,False,False,6,68,0,"['wall', 'wall', 'wall', 'clear', 'clear', 'wall', 'clear', 'clear', 'clear']"
1009,4,clear,clear,left,True,False,False,6,68,0,"['wall', 'wall', 'wall', 'clear', 'clear', 'clear', 'wall', 'clear', 'clear']"
1009,4,clear,clear,left,True,False,False,6,68,0,"['clear', 'wall', 'wall', 'clear', 'clear', 'clear', 'wall', 'wall', 'clear']"
1009,4,clear,clear,left,True,False,False,6,68,0,"['clear', 'clear', 'wall', 'clear', 'clear', 'clear', 'wall', 'wall', 'wall']"
1009,4,clear,clear,left,True,False,False,6,68,0,"['clear', 'clear', 'clear', 'clear', 'clear', 'clear', 'clear', 'wall', 'wall']"
1009,4,clear,clear,down,True,False,False,6,68,0,"['clear', 'clear', 'clear', 'clear', 'clear', 'clear', 'clear', 'clear', 'wall']"
1009,4,clear,clear,up,True,False,False,6,68,0,"['clear', 'clear', 'clear', 'clear', 'clear', 'wall', 'clear', 'clear', 'wall']"
1009,4,clear,clear,up,True,False,False,6,68,0,"['clear', 'clear', 'clear', 'clear', 'clear', 'clear', 'clear', 'clear', 'wall']"
1009,4,clear,clear,left,True,False,False,6,68,0,"['wall', 'wall', 'wall', 'clear', 'clear', 'clear', 'clear', 'clear', 'clear']"
1009,4,clear,clear,left,True,False,False,6,68,0,"['wall', 'wall', 'wall', 'clear', 'clear', 'clear', 'clear', 'clear', 'clear']"
1009,4,clear,clear,left,True,False,False,6,68,0,"['wall', 'wall', 'wall', 'clear', 'clear', 'clear', 'clear', 'clear', 'clear']"
1009,4,clear,clear,left,True,False,False,6,68,0,"['wall', 'wall', 'wall', 'clear', 'clear', 'clear', 'clear', 'clear', 'clear']"
1009,4,clear,clear,down,True,False,False,6,69,0,"['clear', 'wall', 'wall', 'clear', 'clear', 'clear', 'wall', 'clear', 'clear']"
1009,4,clear,clear,down,True,False,False,6,69,0,"['clear', 'clear', 'clear', 'wall', 'clear', 'clear', 'clear', 'clear', 'mud']"
1009,4,clear,clear,down,True,False,False,6,69,0,"['wall', 'clear', 'clear', 'clear', 'clear', 'mud', 'clear', 'clear', 'mud']"
1009,4,clear,clear,left,True,False,False,6,69,0,"['clear', 'clear', 'mud', 'clear', 'clear', 'mud', 'clear', 'mud', 'mud']"
1009,4,clear,clear,down,True,False,False,6,69,0,"['clear', 'clear', 'clear', 'clear', 'clear', 'clear', 'clear', 'clear', 'mud']"
1009,4,clear,clear,down,True,False,False,6,69,0,"['clear', 'clear', 'clear', 'clear', 'clear', 'mud', 'clear', 'clear', 'clear']"
1009,4,clear,clear,right,True,False,False,6,69,0,"['clear', 'clear', 'mud', 'clear', 'clear', 'clear', 'clear', 'lava', 'lava']"
1009,4,clear,clear,right,True,False,False,6,69,0,"['clear', 'mud', 'mud', 'clear', 'clear', 'clear', 'lava', 'lava', 'lava']"
1009,4,clear,clear,right,True,False,False,6,69,0,"['mud', 'mud', 'mud', 'clear', 'clear', 'clear', 'lava', 'lava', 'clear']"
1009,4,clear,clear,right,True,False,False,6,69,0,"['mud', 'mud', 'clear', 'clear', 'clear', 'clear', 'lava', 'clear', 'clear']"
1009,4,clear,clear,down,True,False,False,6,69,0,"['mud', 'clear', 'clear', 'clear', 'clear', 'wall', 'clear', 'clear', 'wall']"
1009,4,clear,clear,down,True,False,False,6,69,0,"['clear', 'clear', 'wall', 'clear', 'clear', 'wall', 'clear', 'clear', 'wall']"
1009,4,clear,clear,down,True,False,False,6,69,0,"['clear', 'clear', 'wall', 'clear', 'clear', 'wall', 'lava', 'clear', 'clear']"
1009,4,clear,clear,down,True,False,False,6,69,0,"['clear', 'clear', 'wall', 'lava', 'clear', 'clear', 'lava', 'clear', 'clear']"
1009,4,clear,clear,down,True,False,False,6,69,0,"['lava', 'clear', 'clear', 'lava', 'clear', 'clear', 'clear', 'clear', 'clear']"
1009,4,clear,clear,down,True,False,False,6,70,0,"['lava', 'clear', 'clear', 'clear', 'clear', 'clear', 'clear', 'clear', 'wall']"
1009,4,clear,clear,left,True,False,False,6,70,0,"['clear', 'clear', 'clear', 'clear', 'clear', 'wall', 'clear', 'wall', 'wall']"
1009,4,clear,clear,down,True,False,False,6,70,0,"['clear', 'clear', 'clear', 'clear', 'clear', 'clear', 'clear', 'clear', 'wall']"
1009,4,clear,clear,down,True,False,False,6,70,0,"['clear', 'clear', 'clear', 'clear', 'clear', 'wall', 'clear', 'clear', 'wall']"
1009,4,clear,clear,down,True,False,False,6,70,0,"['clear', 'clear', 'wall', 'clear', 'clear', 'wall', 'clear', 'clear', 'wall']"
1009,4,clear,clear,down,True,False,False,6,70,0,"['clear', 'clear', 'wall', 'clear', 'clear', 'wall', 'clear', 'clear', 'clear']"
1009,4,clear,clear,right,True,False,False,6,70,0,"['clear', 'clear', 'wall', 'clear', 'clear', 'clear', 'clear', 'wall', 'clear']"
1009,4,clear,clear,right,True,False,False,6,70,0,"['clear', 'wall', 'wall', 'clear', 'clear', 'clear', 'wall', 'clear', 'clear']"
1009,4,clear,clear,down,True,False,False,6,70,0,"['wall', 'wall', 'wall', 'clear', 'clear', 'clear', 'clear', 'clear', 'clear']"
1009,4,clear,clear,down,True,False,False,6,70,0,"['clear', 'clear', 'clear', 'clear', 'clear', 'clear', 'clear', 'clear', 'clear']"
1009,4,clear,clear,down,True,False,False,6,70,0,"['clear', 'clear', 'clear', 'clear', 'clear', 'clear', 'clear', 'clear', 'clear']"
1009,4,clear,edge,down,True,False,False,6,69,0,"['clear', 'clear', 'clear', 'clear', 'clear', 'clear', 'edge', 'edge', 'edge']"
1009,4,clear,clear,up,True,False,False,6,69,0,"['clear', 'clear', 'clear', 'clear', 'clear', 'clear', 'edge', 'edge', 'edge']"
1009,4,clear,clear,up,True,False,False,6,69,0,"['clear', 'clear', 'clear', 'clear', 'clear', 'clear', 'clear', 'clear', 'clear']"
1009,4,clear,clear,up,True,False,False,6,69,0,"['clear', 'clear', 'clear', 'clear', 'clear', 'clear', 'clear', 'clear', 'clear']"
1009,4,clear,clear,right,True,False,False,6,69,0,"['wall', 'wall', 'wall', 'clear', 'clear', 'clear', 'clear', 'clear', 'clear']"
1009,4,clear,clear,right,True,False,False,6,70,0,"['wall', 'wall', 'wall', 'clear', 'clear', 'clear', 'clear', 'clear', 'clear']"
1009,4,clear,clear,right,True,False,False,6,70,0,"['wall', 'wall', 'wall', 'clear', 'clear', 'clear', 'clear', 'clear', 'clear']"
1009,4,clear,clear,right,True,False,False,6,70,0,"['wall', 'wall', 'wall', 'clear', 'clear', 'clear', 'clear', 'clear', 'clear']"
1009,4,clear,clear,right,True,False,False,6,70,0,"['wall', 'wall', 'wall', 'clear', 'clear', 'clear', 'clear', 'clear', 'clear']"
1009,4,clear,clear,right,True,False,False,6,70,0,"['wall', 'wall', 'wall', 'clear', 'clear', 'clear', 'clear', 'clear', 'clear']"
1009,4,clear,clear,left,True,False,False,6,70,0,"['wall', 'wall', 'clear', 'clear', 'clear', 'wall', 'clear', 'clear', 'clear']"
1009,4,clear,clear,left,True,False,False,6,70,0,"['wall', 'wall', 'wall', 'clear', 'clear', 'clear', 'clear', 'clear', 'clear']"
1009,4,clear,clear,left,True,False,False,6,70,0,"['wall', 'wall', 'wall', 'clear', 'clear', 'clear', 'clear', 'clear', 'clear']"
1009,4,clear,clear,left,True,False,False,6,70,0,"['wall', 'wall', 'wall', 'clear', 'clear', 'clear', 'clear', 'clear', 'clear']"
1009,4,clear,clear,left,True,False,False,6,70,0,"['wall', 'wall', 'wall', 'clear', 'clear', 'clear', 'clear', 'clear', 'clear']"
1009,4,clear,clear,left,True,False,False,6,70,0,"['wall', 'wall', 'wall', 'clear', 'clear', 'clear', 'clear', 'clear', 'clear']"
1009,4,clear,clear,left,True,False,False,6,70,0,"['wall', 'wall', 'wall', 'clear', 'clear', 'clear', 'clear', 'clear', 'clear']"
1009,4,clear,clear,left,True,False,False,6,70,0,"['clear', 'wall', 'wall', 'clear', 'clear', 'clear', 'wall', 'clear', 'clear']"
1009,4,clear,clear,left,True,False,False,6,70,0,"['clear', 'clear', 'wall', 'clear', 'clear', 'clear', 'clear', 'wall', 'clear']"
1009,4,clear,clear,up,True,False,False,6,70,0,"['clear', 'clear', 'clear', 'clear', 'clear', 'clear', 'clear', 'clear', 'wall']"
1009,4,clear,clear,up,True,False,False,6,71,0,"['clear', 'clear', 'clear', 'clear', 'clear', 'clear', 'clear', 'clear', 'clear']"
1009,4,clear,clear,up,True,False,False,6,71,0,"['clear', 'clear', 'clear', 'clear', 'clear', 'clear', 'clear', 'clear', 'clear']"
1009,4,clear,clear,up,True,False,False,6,71,0,"['wall', 'clear', 'clear', 'clear', 'clear', 'clear', 'clear', 'clear', 'clear']"
1009,4,clear,clear,right,True,False,False,6,71,0,"['wall', 'clear', 'clear', 'wall', 'clear', 'clear', 'clear', 'clear', 'clear']"
1009,4,clear,clear,right,True,False,False,6,71,0,"['clear', 'clear', 'clear', 'clear', 'clear', 'clear', 'clear', 'clear', 'wall']"
1009,4,clear,clear,up,True,False,False,6,71,0,"['clear', 'clear', 'clear', 'clear', 'clear', 'wall', 'clear', 'wall', 'wall']"
1009,4,clear,clear,up,True,False,False,6,71,0,"['lava', 'clear', 'clear', 'clear', 'clear', 'clear', 'clear', 'clear', 'wall']"
1009,4,clear,clear,up,True,False,False,6,71,0,"['lava', 'clear', 'clear', 'lava', 'clear', 'clear', 'clear', 'clear', 'clear']"
1009,4,clear,clear,up,True,False,False,6,71,0,"['clear', 'clear', 'wall', 'lava', 'clear', 'clear', 'lava', 'clear', 'clear']"
1009,4,clear,clear,up,True,False,False,6,71,0,"['clear', 'clear', 'wall', 'clear', 'clear', 'wall', 'lava', 'clear', 'clear']"
1009,4,clear,clear,up,True,False,False,6,71,0,"['clear', 'clear', 'wall', 'clear', 'clear', 'wall', 'clear', 'clear', 'wall']"
1009,4,clear,clear,up,True,False,False,6,71,0,"['mud', 'clear', 'clear', 'clear', 'clear', 'wall', 'clear', 'clear', 'wall']"
1009,4,clear,clear,up,True,False,False,6,71,0,"['mud', 'clear', 'clear', 'mud', 'clear', 'clear', 'clear', 'clear', 'wall']"
1009,4,clear,clear,up,True,False,False,6,71,0,"['clear', 'clear', 'clear', 'mud', 'clear', 'clear', 'mud', 'clear', 'clear']"
1009,4,clear,clear,up,True,False,False,6,71,0,"['clear', 'clear', 'clear', 'clear', 'clear', 'clear', 'mud', 'clear', 'clear']"
1009,4,clear,clear,right,True,False,False,6,72,0,"['clear', 'clear', 'clear', 'clear', 'clear', 'clear', 'clear', 'clear', 'clear']"
1009,4,clear,clear,right,True,False,False,6,72,0,"['clear', 'clear', 'clear', 'clear', 'clear', 'clear', 'clear', 'clear', 'wall']"
1009,4,clear,clear,right,True,False,False,6,72,0,"['clear', 'clear', 'clear', 'clear', 'clear', 'clear', 'clear', 'wall', 'wall']"
1009,4,clear,clear,right,True,False,False,6,72,0,"['clear', 'clear', 'wall', 'clear', 'clear', 'clear', 'wall', 'wall', 'wall']"
1009,4,clear,clear,right,True,False,False,6,72,0,"['clear', 'wall', 'wall', 'clear', 'clear', 'clear', 'wall', 'wall', 'clear']"
1009,4,clear,clear,down,True,False,False,6,72,0,"['wall', 'wall', 'wall', 'clear', 'clear', 'clear', 'wall', 'clear', 'clear']"
1009,4,clear,clear,down,True,False,False,6,72,0,"['clear', 'clear', 'clear', 'wall', 'clear', 'clear', 'wall', 'clear', 'clear']"
1009,4,clear,clear,right,True,False,False,6,72,0,"['wall', 'clear', 'clear', 'wall', 'clear', 'clear', 'wall', 'wall', 'wall']"
1009,4,clear,clear,right,True,False,False,6,72,0,"['clear', 'clear', 'clear', 'clear', 'clear', 'clear', 'wall', 'wall', 'clear']"
1009,4,clear,clear,down,True,False,False,6,72,0,"['clear', 'clear', 'clear', 'clear', 'clear', 'wall', 'wall', 'clear', 'clear']"
1009,4,clear,clear,right,True,False,False,6,72,0,"['clear', 'clear', 'wall', 'wall', 'clear', 'clear', 'wall', 'clear', 'mud']"
1009,4,clear,clear,right,True,False,False,6,72,0,"['clear', 'wall', 'wall', 'clear', 'clear', 'clear', 'clear', 'mud', 'wall']"
1009,4,clear,clear,right,True,False,False,6,72,0,"['wall', 'wall', 'wall', 'clear', 'clear', 'clear', 'mud', 'wall', 'clear']"
1009,4,clear,clear,right,True,False,False,6,72,0,"['wall', 'wall', 'clear', 'clear', 'clear', 'clear', 'wall', 'clear', 'clear']"
1009,4,clear,clear,down,True,False,False,6,72,0,"['wall', 'clear', 'edge', 'clear', 'clear', 'edge', 'clear', 'clear', 'edge']"
1009,4,clear,clear,down,True,False,False,6,73,0,"['clear', 'clear', 'edge', 'clear', 'clear', 'edge', 'wall', 'clear', 'edge']"
1009,4,clear,clear,down,True,False,False,6,73,0,"['clear', 'clear', 'edge', 'wall', 'clear', 'edge', 'clear', 'clear', 'edge']"
1009,4,clear,clear,left,True,False,False,6,73,0,"['wall', 'clear', 'edge', 'clear', 'clear', 'edge', 'clear', 'clear', 'edge']"
1009,4,clear,clear,down,True,False,False,6,73,0,"['wall', 'wall', 'clear', 'wall', 'clear', 'clear', 'clear', 'clear', 'clear']"
1009,4,clear,clear,down,True,False,False,6,73,0,"['wall', 'clear', 'clear', 'clear', 'clear', 'clear', 'wall', 'clear', 'wall']"
1009,4,clear,clear,down,True,False,False,6,73,0,"['clear', 'clear', 'clear', 'wall', 'clear', 'wall', 'mud', 'clear', 'wall']"
1009,4,clear,clear,down,True,False,False,6,73,0,"['wall', 'clear', 'wall', 'mud', 'clear', 'wall', 'clear', 'clear', 'clear']"
1009,4,clear,clear,right,True,False,False,6,73,0,"['mud', 'clear', 'wall', 'clear', 'clear', 'clear', 'wall', 'wall', 'clear']"
1009,4,clear,clear,down,True,False,False,6,73,0,"['clear', 'wall', 'edge', 'clear', 'clear', 'edge', 'wall', 'clear', 'edge']"
1009,4,clear,clear,down,True,False,False,6,73,0,"['clear', 'clear', 'edge', 'wall', 'clear', 'edge', 'mud', 'clear', 'edge']"
1009,4,clear,clear,down,True,False,False,6,73,0,"['wall', 'clear', 'edge', 'mud', 'clear', 'edge', 'mud', 'clear', 'edge']"
1009,4,clear,clear,down,True,False,False,6,73,0,"['mud', 'clear', 'edge', 'mud', 'clear', 'edge', 'mud', 'clear', 'edge']"
1009,4,clear,clear,down,True,False,False,6,73,0,"['mud', 'clear', 'edge', 'mud', 'clear', 'edge', 'clear', 'clear', 'edge']"
1009,4,clear,flag,down,True,False,False,6,73,0,"['mud', 'clear', 'edge', 'clear', 'clear', 'edge', 'wall', 'flag', 'edge']"
1009,5,clear,clear,up,True,False,False,10,73,0,"['edge', 'clear', 'wall', 'edge', 'clear', 'clear', 'edge', 'wall', 'clear']"
1009,5,clear,clear,up,True,False,False,10,73,0,"['edge', 'clear', 'wall', 'edge', 'clear', 'wall', 'edge', 'clear', 'clear']"
1009,5,clear,clear,up,True,False,False,10,73,0,"['edge', 'clear', 'clear', 'edge', 'clear', 'wall', 'edge', 'clear', 'wall']"
1009,5,clear,clear,right,True,False,False,10,73,0,"['edge', 'wall', 'clear', 'edge', 'clear', 'clear', 'edge', 'clear', 'wall']"
1009,5,clear,clear,up,True,False,False,10,73,0,"['wall', 'clear', 'wall', 'clear', 'clear', 'wall', 'clear', 'wall', 'clear']"
1009,5,clear,clear,up,True,False,False,10,73,0,"['wall', 'clear', 'wall', 'wall', 'clear', 'wall', 'clear', 'clear', 'wall']"
1009,5,clear,wall,right,False,False,False,10,69,1,"['clear', 'clear', 'clear', 'wall', 'clear', 'wall', 'wall', 'clear', 'wall']"
1009,5,clear,clear,up,True,False,False,9,69,0,"['clear', 'clear', 'clear', 'wall', 'clear', 'wall', 'wall', 'clear', 'wall']"
1009,5,clear,clear,right,True,False,False,9,69,0,"['clear', 'wall', 'clear', 'clear', 'clear', 'clear', 'wall', 'clear', 'wall']"
1009,5,clear,clear,right,True,False,False,9,69,0,"['wall', 'clear', 'wall', 'clear', 'clear', 'clear', 'clear', 'wall', 'wall']"
1009,5,clear,clear,right,True,False,False,9,69,0,"['clear', 'wall', 'wall', 'clear', 'clear', 'clear', 'wall', 'wall', 'wall']"
1009,5,clear,clear,right,True,False,False,9,69,0,"['wall', 'wall', 'wall', 'clear', 'clear', 'clear', 'wall', 'wall', 'clear']"
1009,5,clear,clear,down,True,False,True,9,69,0,"['wall', 'wall', 'wall', 'clear', 'clear', 'wall', 'wall', 'clear', 'wall']"
1009,5,clear,clear,up,True,False,False,9,72,0,"['clear', 'clear', 'wall', 'wall', 'clear', 'wall', 'wall', 'wall', 'wall']"
1009,5,clear,clear,left,True,False,False,9,72,0,"['wall', 'wall', 'wall', 'clear', 'clear', 'wall', 'wall', 'clear', 'wall']"
1009,5,clear,clear,left,True,False,False,9,73,0,"['wall', 'wall', 'wall', 'clear', 'clear', 'clear', 'wall', 'wall', 'clear']"
1009,5,clear,clear,left,True,False,False,9,73,0,"['clear', 'wall', 'wall', 'clear', 'clear', 'clear', 'wall', 'wall', 'wall']"
1009,5,clear,clear,up,True,False,False,9,73,0,"['wall', 'clear', 'wall', 'clear', 'clear', 'clear', 'clear', 'wall', 'wall']"
1009,5,clear,clear,up,True,False,False,9,73,0,"['wall', 'clear', 'wall', 'wall', 'clear', 'wall', 'clear', 'clear', 'clear']"
1009,5,clear,clear,up,True,False,False,9,73,0,"['wall', 'clear', 'wall', 'wall', 'clear', 'wall', 'wall', 'clear', 'wall']"
1009,5,clear,clear,up,True,False,False,9,73,0,"['wall', 'clear', 'clear', 'wall', 'clear', 'wall', 'wall', 'clear', 'wall']"
1009,5,clear,clear,right,True,False,False,9,73,0,"['wall', 'clear', 'clear', 'wall', 'clear', 'clear', 'wall', 'clear', 'wall']"
1009,5,clear,clear,right,True,False,False,9,73,0,"['clear', 'clear', 'wall', 'clear', 'clear', 'clear', 'clear', 'wall', 'wall']"
1009,5,clear,clear,right,True,False,False,9,73,0,"['clear', 'wall', 'clear', 'clear', 'clear', 'clear', 'wall', 'wall', 'wall']"
1009,5,clear,clear,up,True,False,False,9,73,0,"['wall', 'clear', 'clear', 'clear', 'clear', 'wall', 'wall', 'wall', 'clear']"
1009,5,clear,clear,right,True,False,False,9,73,0,"['wall', 'wall', 'clear', 'wall', 'clear', 'clear', 'clear', 'clear', 'wall']"
1009,5,clear,clear,right,True,False,False,9,73,0,"['wall', 'clear', 'wall', 'clear', 'clear', 'clear', 'clear', 'wall', 'wall']"
1009,5,clear,clear,right,True,False,False,9,73,0,"['clear', 'wall', 'clear', 'clear', 'clear', 'clear', 'wall', 'wall', 'wall']"
1009,5,clear,clear,right,True,False,True,9,73,0,"['wall', 'clear', 'clear', 'clear', 'clear', 'clear', 'wall', 'wall', 'wall']"
1009,5,clear,clear,left,True,False,False,9,76,0,"['clear', 'clear', 'wall', 'clear', 'clear', 'wall', 'wall', 'wall', 'wall']"
1009,5,clear,clear,up,True,False,False,9,77,0,"['wall', 'clear', 'clear', 'clear', 'clear', 'clear', 'wall', 'wall', 'wall']"
1009,5,clear,clear,up,True,False,False,9,77,0,"['wall', 'clear', 'clear', 'wall', 'clear', 'clear', 'clear', 'clear', 'clear']"
1009,5,clear,clear,up,True,False,False,9,77,0,"['wall', 'clear', 'wall', 'wall', 'clear', 'clear', 'wall', 'clear', 'clear']"
1009,5,clear,clear,up,True,False,False,9,77,0,"['wall', 'clear', 'wall', 'wall', 'clear', 'wall', 'wall', 'clear', 'clear']"
1009,5,clear,clear,up,True,False,False,9,77,0,"['clear', 'clear', 'clear', 'wall', 'clear', 'wall', 'wall', 'clear', 'wall']"
1009,5,clear,clear,right,True,False,True,9,77,0,"['wall', 'wall', 'wall', 'clear', 'clear', 'clear', 'wall', 'clear', 'wall']"
1009,5,clear,clear,left,True,False,False,9,80,0,"['wall', 'wall', 'wall', 'clear', 'clear', 'wall', 'clear', 'wall', 'wall']"
1009,5,clear,clear,left,True,False,False,9,80,0,"['wall', 'wall', 'wall', 'clear', 'clear', 'clear', 'wall', 'clear', 'wall']"
1009,5,clear,clear,left,True,False,False,9,80,0,"['wall', 'wall', 'wall', 'clear', 'clear', 'clear', 'clear', 'wall', 'clear']"
1009,5,clear,clear,down,True,False,False,9,80,0,"['wall', 'wall', 'wall', 'clear', 'clear', 'clear', 'wall', 'clear', 'wall']"
1009,5,clear,clear,down,True,False,False,9,80,0,"['clear', 'clear', 'clear', 'wall', 'clear', 'wall', 'wall', 'clear', 'wall']"
1009,5,clear,clear,down,True,False,False,9,80,0,"['wall', 'clear', 'wall', 'wall', 'clear', 'wall', 'wall', 'clear', 'wall']"
1009,5,clear,clear,down,True,False,False,9,80,0,"['wall', 'clear', 'wall', 'wall', 'clear', 'wall', 'wall', 'clear', 'wall']"
1009,5,clear,clear,down,True,False,False,9,80,0,"['wall', 'clear', 'wall', 'wall', 'clear', 'wall', 'clear', 'clear', 'clear']"
1009,5,clear,clear,left,True,False,False,9,80,0,"['wall', 'clear', 'wall', 'clear', 'clear', 'clear', 'clear', 'wall', 'wall']"
1009,5,clear,clear,down,True,False,False,9,81,0,"['wall', 'wall', 'clear', 'wall', 'clear', 'clear', 'clear', 'clear', 'wall']"
1009,5,clear,clear,left,True,False,False,9,81,0,"['wall', 'clear', 'clear', 'clear', 'clear', 'wall', 'wall', 'wall', 'clear']"
1009,5,clear,clear,left,True,False,False,9,81,0,"['clear', 'wall', 'clear', 'clear', 'clear', 'clear', 'wall', 'wall', 'wall']"
1009,5,clear,clear,left,True,False,False,9,81,0,"['clear', 'clear', 'wall', 'clear', 'clear', 'clear', 'clear', 'wall', 'wall']"
1009,5,clear,wall,left,False,False,False,9,77,1,"['wall', 'clear', 'clear', 'wall', 'clear', 'clear', 'wall', 'clear', 'wall']"
1009,5,clear,clear,down,True,False,False,8,77,0,"['wall', 'clear', 'clear', 'wall', 'clear', 'clear', 'wall', 'clear', 'wall']"
1009,5,clear,clear,down,True,False,False,8,77,0,"['wall', 'clear', 'clear', 'wall', 'clear', 'wall', 'wall', 'clear', 'wall']"
1009,5,clear,clear,down,True,False,False,8,77,0,"['wall', 'clear', 'wall', 'wall', 'clear', 'wall', 'wall', 'clear', 'wall']"
1009,5,clear,clear,down,True,False,False,8,77,0,"['wall', 'clear', 'wall', 'wall', 'clear', 'wall', 'clear', 'clear', 'clear']"
1009,5,clear,clear,left,True,False,False,8,77,0,"['wall', 'clear', 'wall', 'clear', 'clear', 'clear', 'clear', 'wall', 'wall']"
1009,5,clear,clear,down,True,False,False,8,77,0,"['clear', 'wall', 'clear', 'clear', 'clear', 'clear', 'wall', 'clear', 'wall']"
1009,5,clear,clear,down,True,False,False,8,77,0,"['clear', 'clear', 'clear', 'wall', 'clear', 'wall', 'wall', 'clear', 'wall']"
1009,5,clear,wall,left,False,False,False,8,73,1,"['wall', 'clear', 'wall', 'wall', 'clear', 'wall', 'clear', 'clear', 'wall']"
1009,5,clear,clear,down,True,False,False,7,73,0,"['wall', 'clear', 'wall', 'wall', 'clear', 'wall', 'clear', 'clear', 'wall']"
1009,5,clear,clear,left,True,False,False,7,73,0,"['wall', 'clear', 'wall', 'clear', 'clear', 'wall', 'clear', 'wall', 'clear']"
1009,5,clear,clear,down,True,False,False,7,73,0,"['edge', 'wall', 'clear', 'edge', 'clear', 'clear', 'edge', 'clear', 'wall']"
1009,5,clear,clear,down,True,False,False,7,73,0,"['edge', 'clear', 'clear', 'edge', 'clear', 'wall', 'edge', 'clear', 'wall']"
1009,5,clear,clear,down,True,False,False,7,74,0,"['edge', 'clear', 'wall', 'edge', 'clear', 'wall', 'edge', 'clear', 'clear']"
1009,5,clear,clear,right,True,False,False,7,74,0,"['edge', 'clear', 'wall', 'edge', 'clear', 'clear', 'edge', 'wall', 'clear']"
1009,5,clear,clear,left,True,False,False,7,74,0,"['clear', 'wall', 'wall', 'clear', 'clear', 'clear', 'wall', 'clear', 'clear']"
1009,5,clear,edge,left,True,False,False,7,73,0,"['edge', 'clear', 'wall', 'edge', 'clear', 'clear', 'edge', 'wall', 'clear']"
1009,5,clear,clear,up,True,False,False,7,73,0,"['edge', 'clear', 'wall', 'edge', 'clear', 'clear', 'edge', 'wall', 'clear']"
1009,5,clear,clear,up,True,False,False,7,73,0,"['edge', 'clear', 'wall', 'edge', 'clear', 'wall', 'edge', 'clear', 'clear']"
1009,5,clear,clear,up,True,False,False,7,73,0,"['edge', 'clear', 'clear', 'edge', 'clear', 'wall', 'edge', 'clear', 'wall']"
1009,5,clear,clear,right,True,False,False,7,73,0,"['edge', 'wall', 'clear', 'edge', 'clear', 'clear', 'edge', 'clear', 'wall']"
1009,5,clear,clear,up,True,False,False,7,73,0,"['wall', 'clear', 'wall', 'clear', 'clear', 'wall', 'clear', 'wall', 'clear']"
1009,5,clear,clear,up,True,False,False,7,73,0,"['wall', 'clear', 'wall', 'wall', 'clear', 'wall', 'clear', 'clear', 'wall']"
1009,5,clear,clear,up,True,False,False,7,73,0,"['clear', 'clear', 'clear', 'wall', 'clear', 'wall', 'wall', 'clear', 'wall']"
1009,5,clear,clear,left,True,False,False,7,73,0,"['clear', 'wall', 'clear', 'clear', 'clear', 'clear', 'wall', 'clear', 'wall']"
1009,5,clear,clear,up,True,False,False,7,73,0,"['edge', 'clear', 'wall', 'edge', 'clear', 'clear', 'edge', 'wall', 'clear']"
1009,5,clear,clear,up,True,False,False,7,73,0,"['edge', 'clear', 'wall', 'edge', 'clear', 'wall', 'edge', 'clear', 'clear']"
1009,5,clear,clear,up,True,False,False,7,73,0,"['edge', 'clear', 'wall', 'edge', 'clear', 'wall', 'edge', 'clear', 'wall']"
1009,5,clear,clear,up,True,False,False,7,73,0,"['edge', 'clear', 'wall', 'edge', 'clear', 'wall', 'edge', 'clear', 'wall']"
1009,5,clear,clear,up,True,False,False,7,74,0,"['edge', 'clear', 'wall', 'edge', 'clear', 'wall', 'edge', 'clear', 'wall']"
1009,5,clear,clear,up,True,False,False,7,74,0,"['edge', 'clear', 'wall', 'edge', 'clear', 'wall', 'edge', 'clear', 'wall']"
1009,5,clear,clear,up,True,False,False,7,74,0,"['edge', 'clear', 'clear', 'edge', 'clear', 'wall', 'edge', 'clear', 'wall']"
1009,5,clear,clear,right,True,False,False,7,74,0,"['edge', 'clear', 'wall', 'edge', 'clear', 'clear', 'edge', 'clear', 'wall']"
1009,5,clear,clear,right,True,False,False,7,74,0,"['clear', 'wall', 'wall', 'clear', 'clear', 'clear', 'clear', 'wall', 'wall']"
1009,5,clear,clear,right,True,False,False,7,74,0,"['wall', 'wall', 'wall', 'clear', 'clear', 'clear', 'wall', 'wall', 'wall']"
1009,5,clear,clear,right,True,False,True,7,74,0,"['wall', 'wall', 'clear', 'clear', 'clear', 'clear', 'wall', 'wall', 'wall']"
1009,5,clear,clear,up,True,False,False,7,77,0,"['wall', 'clear', 'wall', 'clear', 'clear', 'wall', 'wall', 'wall', 'wall']"
1009,5,clear,clear,up,True,False,False,7,77,0,"['clear', 'clear', 'wall', 'wall', 'clear', 'wall', 'clear', 'clear', 'wall']"
1009,5,clear,clear,left,True,False,False,7,77,0,"['wall', 'wall', 'clear', 'clear', 'clear', 'wall', 'wall', 'clear', 'wall']"
1009,5,clear,clear,left,True,False,False,7,77,0,"['wall', 'wall', 'wall', 'clear', 'clear', 'clear', 'wall', 'wall', 'clear']"
1009,5,clear,clear,left,True,False,False,7,77,0,"['clear', 'wall', 'wall', 'clear', 'clear', 'clear', 'wall', 'wall', 'wall']"
1009,5,clear,clear,left,True,False,False,7,77,0,"['clear', 'clear', 'wall', 'clear', 'clear', 'clear', 'clear', 'wall', 'wall']"
1009,5,clear,clear,up,True,False,False,7,77,0,"['edge', 'clear', 'clear', 'edge', 'clear', 'clear', 'edge', 'clear', 'wall']"
1009,5,clear,clear,up,True,False,False,7,77,0,"['edge', 'clear', 'wall', 'edge', 'clear', 'clear', 'edge', 'clear', 'clear']"
1009,5,clear,clear,up,True,False,False,7,78,0,"['edge', 'clear', 'clear', 'edge', 'clear', 'wall', 'edge', 'clear', 'clear']"
1009,5,clear,clear,right,True,False,False,7,78,0,"['edge', 'edge', 'edge', 'edge', 'clear', 'clear', 'edge', 'clear', 'wall']"
1009,5,clear,clear,right,True,False,False,7,78,0,"['edge', 'edge', 'edge', 'clear', 'clear', 'clear', 'clear', 'wall', 'clear']"
1009,5,clear,clear,right,True,False,False,7,78,0,"['edge', 'edge', 'edge', 'clear', 'clear', 'clear', 'wall', 'clear', 'wall']"
1009,5,clear,clear,right,True,False,False,7,78,0,"['edge', 'edge', 'edge', 'clear', 'clear', 'clear', 'clear', 'wall', 'clear']"
1009,5,clear,clear,right,True,False,False,7,78,0,"['edge', 'edge', 'edge', 'clear', 'clear', 'clear', 'wall', 'clear', 'wall']"
1009,5,clear,clear,right,True,False,False,7,78,0,"['edge', 'edge', 'edge', 'clear', 'clear', 'clear', 'clear', 'wall', 'wall']"
1009,5,clear,clear,right,True,False,False,7,78,0,"['edge', 'edge', 'edge', 'clear', 'clear', 'clear', 'wall', 'wall', 'wall']"
1009,5,clear,clear,right,True,False,False,7,78,0,"['edge', 'edge', 'edge', 'clear', 'clear', 'clear', 'wall', 'wall', 'wall']"
1009,5,clear,clear,right,True,False,False,7,78,0,"['edge', 'edge', 'edge', 'clear', 'clear', 'clear', 'wall', 'wall', 'wall']"
1009,5,clear,clear,right,True,False,False,7,78,0,"['edge', 'edge', 'edge', 'clear', 'clear', 'clear', 'wall', 'wall', 'wall']"
1009,5,clear,clear,right,True,False,False,7,78,0,"['edge', 'edge', 'edge', 'clear', 'clear', 'clear', 'wall', 'wall', 'wall']"
1009,5,clear,clear,right,True,False,False,7,78,0,"['edge', 'edge', 'edge', 'clear', 'clear', 'clear', 'wall', 'wall', 'wall']"
1009,5,clear,clear,right,True,False,False,7,78,0,"['edge', 'edge', 'edge', 'clear', 'clear', 'clear', 'wall', 'wall', 'clear']"
1009,5,clear,clear,down,True,False,True,7,78,0,"['edge', 'edge', 'edge', 'clear', 'clear', 'clear', 'wall', 'clear', 'wall']"
1009,5,clear,clear,up,True,False,False,7,82,0,"['clear', 'clear', 'clear', 'wall', 'clear', 'wall', 'clear', 'wall', 'clear']"
1009,5,clear,clear,right,True,False,False,7,82,0,"['edge', 'edge', 'edge', 'clear', 'clear', 'clear', 'wall', 'clear', 'wall']"
1009,5,clear,clear,right,True,False,False,7,82,0,"['edge', 'edge', 'edge', 'clear', 'clear', 'clear', 'clear', 'wall', 'wall']"
1009,5,clear,clear,right,True,False,False,7,82,0,"['edge', 'edge', 'edge', 'clear', 'clear', 'clear', 'wall', 'wall', 'wall']"
1009,5,clear,clear,right,True,False,False,7,82,0,"['edge', 'edge', 'edge', 'clear', 'clear', 'clear', 'wall', 'wall', 'clear']"
1009,5,clear,clear,down,True,False,False,7,82,0,"['edge', 'edge', 'edge', 'clear', 'clear', 'wall', 'wall', 'clear', 'clear']"
1009,5,clear,clear,right,True,False,False,7,82,0,"['clear', 'clear', 'wall', 'wall', 'clear', 'clear', 'wall', 'wall', 'clear']"
1009,5,clear,clear,right,True,False,False,7,82,0,"['clear', 'wall', 'wall', 'clear', 'clear', 'clear', 'wall', 'clear', 'clear']"
1009,5,clear,edge,right,True,False,False,7,81,0,"['wall', 'wall', 'edge', 'clear', 'clear', 'edge', 'clear', 'clear', 'edge']"
1009,5,clear,clear,left,True,False,False,7,81,0,"['wall', 'wall', 'edge', 'clear', 'clear', 'edge', 'clear', 'clear', 'edge']"
1009,5,clear,clear,down,True,False,False,7,81,0,"['clear', 'wall', 'wall', 'clear', 'clear', 'clear', 'wall', 'clear', 'clear']"
1009,5,clear,clear,down,True,False,False,7,81,0,"['clear', 'clear', 'clear', 'wall', 'clear', 'clear', 'wall', 'clear', 'wall']"
1009,5,clear,clear,down,True,False,False,7,81,0,"['wall', 'clear', 'clear', 'wall', 'clear', 'wall', 'wall', 'clear', 'clear']"
1009,5,clear,clear,right,True,False,False,7,81,0,"['wall', 'clear', 'wall', 'wall', 'clear', 'clear', 'wall', 'wall', 'clear']"
1009,5,clear,clear,down,True,False,False,7,81,0,"['clear', 'wall', 'edge', 'clear', 'clear', 'edge', 'wall', 'clear', 'edge']"
1009,5,clear,clear,down,True,False,False,7,81,0,"['clear', 'clear', 'edge', 'wall', 'clear', 'edge', 'clear', 'clear', 'edge']"
1009,5,clear,clear,left,True,False,True,7,82,0,"['wall', 'clear', 'edge', 'clear', 'clear', 'edge', 'wall', 'clear', 'edge']"
1009,5,clear,clear,right,True,False,False,7,85,0,"['wall', 'wall', 'clear', 'wall', 'clear', 'clear', 'wall', 'wall', 'clear']"
1009,5,clear,clear,down,True,False,False,7,85,0,"['wall', 'clear', 'edge', 'clear', 'clear', 'edge', 'wall', 'clear', 'edge']"
1009,5,clear,clear,down,True,False,False,7,85,0,"['clear', 'clear', 'edge', 'wall', 'clear', 'edge', 'wall', 'clear', 'edge']"
1009,5,clear,clear,down,True,False,False,7,85,0,"['wall', 'clear', 'edge', 'wall', 'clear', 'edge', 'wall', 'clear', 'edge']"
1009,5,clear,clear,down,True,False,False,7,85,0,"['wall', 'clear', 'edge', 'wall', 'clear', 'edge', 'wall', 'clear', 'edge']"
1009,5,clear,clear,down,True,False,False,7,85,0,"['wall', 'clear', 'edge', 'wall', 'clear', 'edge', 'wall', 'clear', 'edge']"
1009,5,clear,clear,down,True,False,False,7,85,0,"['wall', 'clear', 'edge', 'wall', 'clear', 'edge', 'wall', 'clear', 'edge']"
1009,5,clear,clear,down,True,False,False,7,85,0,"['wall', 'clear', 'edge', 'wall', 'clear', 'edge', 'wall', 'clear', 'edge']"
1009,5,clear,clear,down,True,False,False,7,85,0,"['wall', 'clear', 'edge', 'wall', 'clear', 'edge', 'wall', 'clear', 'edge']"
1009,5,clear,clear,down,True,False,False,7,85,0,"['wall', 'clear', 'edge', 'wall', 'clear', 'edge', 'wall', 'clear', 'edge']"
1009,5,clear,clear,down,True,False,False,7,85,0,"['wall', 'clear', 'edge', 'wall', 'clear', 'edge', 'wall', 'clear', 'edge']"
1009,5,clear,clear,down,True,False,False,7,85,0,"['wall', 'clear', 'edge', 'wall', 'clear', 'edge', 'clear', 'clear', 'edge']"
1009,5,clear,clear,left,True,False,False,7,85,0,"['wall', 'clear', 'edge', 'clear', 'clear', 'edge', 'wall', 'wall', 'edge']"
1009,5,clear,clear,left,True,False,False,7,85,0,"['wall', 'wall', 'clear', 'clear', 'clear', 'clear', 'wall', 'wall', 'wall']"
1009,5,clear,clear,left,True,False,False,7,86,0,"['clear', 'wall', 'wall', 'clear', 'clear', 'clear', 'wall', 'wall', 'wall']"
1009,5,clear,clear,up,True,False,False,7,86,0,"['wall', 'clear', 'wall', 'wall', 'clear', 'clear', 'wall', 'wall', 'wall']"
1009,5,clear,clear,up,True,False,False,7,86,0,"['wall', 'clear', 'clear', 'wall', 'clear', 'wall', 'wall', 'clear', 'clear']"
1009,5,clear,clear,right,True,False,False,7,86,0,"['wall', 'wall', 'clear', 'wall', 'clear', 'clear', 'wall', 'clear', 'wall']"
1009,5,clear,clear,up,True,False,False,7,86,0,"['wall', 'clear', 'wall', 'clear', 'clear', 'wall', 'clear', 'wall', 'wall']"
1009,5,clear,clear,up,True,False,False,7,86,0,"['wall', 'clear', 'wall', 'wall', 'clear', 'wall', 'clear', 'clear', 'wall']"
1009,5,clear,clear,up,True,False,False,7,86,0,"['wall', 'clear', 'wall', 'wall', 'clear', 'wall', 'wall', 'clear', 'wall']"
1009,5,clear,clear,up,True,False,False,7,86,0,"['wall', 'clear', 'wall', 'wall', 'clear', 'wall', 'wall', 'clear', 'wall']"
1009,5,clear,clear,up,True,False,False,7,86,0,"['wall', 'clear', 'wall', 'wall', 'clear', 'wall', 'wall', 'clear', 'wall']"
1009,5,clear,clear,up,True,False,False,7,86,0,"['wall', 'clear', 'wall', 'wall', 'clear', 'wall', 'wall', 'clear', 'wall']"
1009,5,clear,clear,up,True,False,False,7,86,0,"['clear', 'clear', 'wall', 'wall', 'clear', 'wall', 'wall', 'clear', 'wall']"
1009,5,clear,clear,left,True,False,False,7,86,0,"['clear', 'wall', 'wall', 'clear', 'clear', 'wall', 'wall', 'clear', 'wall']"
1009,5,clear,clear,up,True,False,False,7,86,0,"['wall', 'clear', 'wall', 'wall', 'clear', 'clear', 'clear', 'wall', 'clear']"
1009,5,clear,clear,up,True,False,False,7,86,0,"['clear', 'clear', 'wall', 'wall', 'clear', 'wall', 'wall', 'clear', 'clear']"
1009,5,clear,clear,left,True,False,False,7,86,0,"['clear', 'wall', 'wall', 'clear', 'clear', 'wall', 'wall', 'clear', 'wall']"
1009,5,clear,clear,up,True,False,False,7,87,0,"['wall', 'clear', 'wall', 'clear', 'clear', 'clear', 'wall', 'wall', 'clear']"
1009,5,clear,clear,up,True,False,False,7,87,0,"['wall', 'clear', 'clear', 'wall', 'clear', 'wall', 'clear', 'clear', 'clear']"
1009,5,clear,clear,up,True,False,False,7,87,0,"['clear', 'clear', 'clear', 'wall', 'clear', 'clear', 'wall', 'clear', 'wall']"
1009,5,clear,clear,left,True,False,False,7,87,0,"['clear', 'clear', 'wall', 'clear', 'clear', 'clear', 'wall', 'clear', 'clear']"
1009,5,clear,clear,up,True,False,True,7,87,0,"['wall', 'clear', 'clear', 'clear', 'clear', 'clear', 'clear', 'wall', 'clear']"
1009,5,clear,clear,down,True,False,False,7,90,0,"['clear', 'wall', 'wall', 'wall', 'clear', 'clear', 'clear', 'clear', 'clear']"
1009,5,clear,clear,left,True,False,False,7,90,0,"['wall', 'clear', 'clear', 'clear', 'clear', 'clear', 'clear', 'wall', 'clear']"
1009,5,clear,clear,left,True,False,False,7,90,0,"['clear', 'wall', 'clear', 'clear', 'clear', 'clear', 'wall', 'clear', 'wall']"
1009,5,clear,clear,left,True,False,False,7,90,0,"['clear', 'clear', 'wall', 'clear', 'clear', 'clear', 'clear', 'wall', 'clear']"
1009,5,clear,clear,down,True,False,False,7,90,0,"['wall', 'clear', 'clear', 'wall', 'clear', 'clear', 'clear', 'clear', 'wall']"
1009,5,clear,clear,down,True,False,False,7,90,0,"['wall', 'clear', 'clear', 'clear', 'clear', 'wall', 'wall', 'clear', 'clear']"
1009,5,clear,clear,down,True,False,False,7,90,0,"['clear', 'clear', 'wall', 'wall', 'clear', 'clear', 'wall', 'clear', 'wall']"
1009,5,clear,clear,down,True,False,False,7,90,0,"['wall', 'clear', 'clear', 'wall', 'clear', 'wall', 'wall', 'clear', 'clear']"
1009,5,clear,clear,down,True,False,False,7,90,0,"['wall', 'clear', 'wall', 'wall', 'clear', 'clear', 'wall', 'clear', 'wall']"
1009,5,clear,clear,down,True,False,False,7,90,0,"['wall', 'clear', 'clear', 'wall', 'clear', 'wall', 'wall', 'clear', 'wall']"
1009,5,clear,clear,down,True,False,False,7,91,0,"['wall', 'clear', 'wall', 'wall', 'clear', 'wall', 'wall', 'clear', 'clear']"
1009,5,clear,clear,down,True,False,False,7,91,0,"['wall', 'clear', 'wall', 'wall', 'clear', 'clear', 'wall', 'clear', 'clear']"
1009,5,clear,clear,down,True,False,False,7,91,0,"['wall', 'clear', 'clear', 'wall', 'clear', 'clear', 'wall', 'clear', 'wall']"
1009,5,clear,clear,down,True,False,False,7,91,0,"['wall', 'clear', 'clear', 'wall', 'clear', 'wall', 'clear', 'clear', 'clear']"
1009,5,clear,clear,right,True,False,False,7,91,0,"['wall', 'clear', 'wall', 'clear', 'clear', 'clear', 'wall', 'wall', 'wall']"
1009,5,clear,clear,right,True,False,False,7,91,0,"['clear', 'wall', 'wall', 'clear', 'clear', 'clear', 'wall', 'wall', 'wall']"
1009,5,clear,clear,right,True,False,False,7,91,0,"['wall', 'wall', 'clear', 'clear', 'clear', 'clear', 'wall', 'wall', 'wall']"
1009,5,clear,clear,up,True,False,False,7,91,0,"['wall', 'clear', 'clear', 'clear', 'clear', 'clear', 'wall', 'wall', 'wall']"
1009,5,clear,clear,up,True,False,False,7,91,0,"['wall', 'clear', 'clear', 'wall', 'clear', 'clear', 'clear', 'clear', 'clear']"
1009,5,clear,clear,up,True,False,False,7,91,0,"['wall', 'clear', 'clear', 'wall', 'clear', 'clear', 'wall', 'clear', 'clear']"
1009,5,clear,clear,up,True,False,False,7,91,0,"['clear', 'clear', 'clear', 'wall', 'clear', 'clear', 'wall', 'clear', 'clear']"
1009,5,clear,clear,left,True,False,False,7,91,0,"['clear', 'clear', 'wall', 'clear', 'clear', 'clear', 'wall', 'clear', 'clear']"
1009,5,clear,clear,up,True,False,True,7,91,0,"['wall', 'clear', 'clear', 'wall', 'clear', 'clear', 'clear', 'wall', 'clear']"
1009,5,clear,clear,right,True,False,False,7,94,0,"['clear', 'wall', 'wall', 'wall', 'clear', 'clear', 'wall', 'clear', 'clear']"
1009,5,clear,clear,down,True,False,False,7,94,0,"['wall', 'wall', 'wall', 'clear', 'clear', 'wall', 'clear', 'clear', 'clear']"
1009,5,clear,clear,down,True,False,False,7,95,0,"['clear', 'clear', 'wall', 'clear', 'clear', 'clear', 'wall', 'clear', 'clear']"
1009,5,clear,clear,down,True,False,False,7,95,0,"['clear', 'clear', 'clear', 'wall', 'clear', 'clear', 'wall', 'clear', 'clear']"
1009,5,clear,clear,down,True,False,False,7,95,0,"['wall', 'clear', 'clear', 'wall', 'clear', 'clear', 'wall', 'clear', 'clear']"
1009,5,clear,clear,down,True,False,False,7,95,0,"['wall', 'clear', 'clear', 'wall', 'clear', 'clear', 'clear', 'clear', 'clear']"
1009,5,clear,clear,left,True,False,False,7,95,0,"['wall', 'clear', 'clear', 'clear', 'clear', 'clear', 'wall', 'wall', 'wall']"
1009,5,clear,clear,left,True,False,False,7,95,0,"['wall', 'wall', 'clear', 'clear', 'clear', 'clear', 'wall', 'wall', 'wall']"
1009,5,clear,clear,left,True,False,False,7,95,0,"['clear', 'wall', 'wall', 'clear', 'clear', 'clear', 'wall', 'wall', 'wall']"
1009,5,clear,clear,left,True,False,False,7,95,0,"['wall', 'clear', 'wall', 'clear', 'clear', 'clear', 'wall', 'wall', 'wall']"
1009,5,clear,clear,left,True,False,True,7,95,0,"['clear', 'wall', 'clear', 'clear', 'clear', 'clear', 'wall', 'wall', 'wall']"
1009,5,clear,wall,left,False,False,False,7,94,1,"['wall', 'clear', 'wall', 'wall', 'clear', 'clear', 'wall', 'wall', 'wall']"
1009,5,clear,clear,up,True,False,False,6,94,0,"['wall', 'clear', 'wall', 'wall', 'clear', 'clear', 'wall', 'wall', 'wall']"
1009,5,clear,clear,up,True,False,False,6,94,0,"['wall', 'clear', 'wall', 'wall', 'clear', 'wall', 'wall', 'clear', 'clear']"
1009,5,clear,clear,up,True,False,False,6,94,0,"['wall', 'clear', 'wall', 'wall', 'clear', 'wall', 'wall', 'clear', 'wall']"
1009,5,clear,clear,up,True,False,False,6,94,0,"['clear', 'clear', 'wall', 'wall', 'clear', 'wall', 'wall', 'clear', 'wall']"
1009,5,clear,clear,left,True,False,False,6,94,0,"['wall', 'wall', 'wall', 'clear', 'clear', 'wall', 'wall', 'clear', 'wall']"
1009,5,clear,wall,down,False,False,False,6,90,1,"['wall', 'wall', 'wall', 'clear', 'clear', 'clear', 'clear', 'wall', 'clear']"
1009,5,clear,clear,left,True,False,False,5,90,0,"['wall', 'wall', 'wall', 'clear', 'clear', 'clear', 'clear', 'wall', 'clear']"
1009,5,clear,clear,down,True,False,False,5,91,0,"['wall', 'wall', 'wall', 'clear', 'clear', 'clear', 'clear', 'clear', 'wall']"
1009,5,clear,clear,left,True,False,False,5,91,0,"['clear', 'clear', 'clear', 'clear', 'clear', 'wall', 'wall', 'clear', 'wall']"
1009,5,clear,clear,left,True,False,False,5,91,0,"['wall', 'clear', 'clear', 'clear', 'clear', 'clear', 'wall', 'wall', 'clear']"
1009,5,clear,clear,left,True,False,True,5,91,0,"['wall', 'wall', 'clear', 'clear', 'clear', 'clear', 'wall', 'wall', 'wall']"
1009,5,clear,clear,right,True,False,False,5,94,0,"['wall', 'wall', 'wall', 'wall', 'clear', 'clear', 'wall', 'wall', 'wall']"
1009,5,clear,clear,right,True,False,False,5,94,0,"['wall', 'wall', 'clear', 'clear', 'clear', 'clear', 'wall', 'wall', 'wall']"
1009,5,clear,clear,right,True,False,False,5,94,0,"['wall', 'clear', 'clear', 'clear', 'clear', 'clear', 'wall', 'wall', 'clear']"
1009,5,clear,clear,down,True,False,False,5,94,0,"['clear', 'clear', 'clear', 'clear', 'clear', 'wall', 'wall', 'clear', 'wall']"
1009,5,clear,clear,down,True,False,False,5,94,0,"['clear', 'clear', 'wall', 'wall', 'clear', 'wall', 'wall', 'clear', 'wall']"
1009,5,clear,clear,down,True,False,False,5,94,0,"['wall', 'clear', 'wall', 'wall', 'clear', 'wall', 'wall', 'clear', 'wall']"
1009,5,clear,clear,down,True,False,False,5,94,0,"['wall', 'clear', 'wall', 'wall', 'clear', 'wall', 'wall', 'clear', 'wall']"
1009,5,clear,clear,down,True,False,False,5,94,0,"['wall', 'clear', 'wall', 'wall', 'clear', 'wall', 'clear', 'clear', 'clear']"
1009,5,clear,clear,left,True,False,False,5,94,0,"['wall', 'clear', 'wall', 'clear', 'clear', 'clear', 'wall', 'wall', 'wall']"
1009,5,clear,clear,left,True,False,False,5,94,0,"['wall', 'wall', 'clear', 'clear', 'clear', 'clear', 'wall', 'wall', 'wall']"
1009,5,clear,clear,left,True,False,False,5,94,0,"['wall', 'wall', 'wall', 'clear', 'clear', 'clear', 'clear', 'wall', 'wall']"
1009,5,clear,clear,left,True,False,False,5,95,0,"['clear', 'wall', 'wall', 'clear', 'clear', 'clear', 'clear', 'clear', 'wall']"
1009,5,clear,clear,up,True,False,True,5,95,0,"['wall', 'clear', 'wall', 'wall', 'clear', 'clear', 'clear', 'clear', 'clear']"
1009,5,clear,clear,down,True,False,False,5,98,0,"['wall', 'wall', 'wall', 'wall', 'clear', 'wall', 'wall', 'clear', 'clear']"
1009,5,clear,clear,right,True,False,False,5,98,0,"['wall', 'clear', 'wall', 'wall', 'clear', 'clear', 'clear', 'clear', 'clear']"
1009,5,clear,clear,right,True,False,False,5,98,0,"['clear', 'wall', 'wall', 'clear', 'clear', 'clear', 'clear', 'clear', 'wall']"
1009,5,clear,clear,right,True,False,False,5,98,0,"['wall', 'wall', 'wall', 'clear', 'clear', 'clear', 'clear', 'wall', 'wall']"
1009,5,clear,clear,right,True,False,False,5,98,0,"['wall', 'wall', 'clear', 'clear', 'clear', 'clear', 'wall', 'wall', 'wall']"
1009,5,clear,clear,right,True,False,False,5,98,0,"['wall', 'clear', 'wall', 'clear', 'clear', 'clear', 'wall', 'wall', 'wall']"
1009,5,clear,clear,right,True,False,False,5,98,0,"['clear', 'wall', 'wall', 'clear', 'clear', 'clear', 'wall', 'wall', 'wall']"
1009,5,clear,clear,right,True,False,False,5,98,0,"['wall', 'wall', 'wall', 'clear', 'clear', 'clear', 'wall', 'wall', 'wall']"
1009,5,clear,clear,right,True,False,False,5,98,0,"['wall', 'wall', 'wall', 'clear', 'clear', 'clear', 'wall', 'wall', 'wall']"
1009,5,clear,clear,right,True,False,False,5,98,0,"['wall', 'wall', 'wall', 'clear', 'clear', 'clear', 'wall', 'wall', 'clear']"
1009,5,clear,clear,down,True,False,False,5,98,0,"['wall', 'wall', 'wall', 'clear', 'clear', 'clear', 'wall', 'clear', 'wall']"
1009,5,clear,clear,down,True,False,True,5,98,0,"['clear', 'clear', 'clear', 'wall', 'clear', 'wall', 'wall', 'clear', 'wall']"
1009,5,clear,clear,up,True,False,False,5,100,0,"['wall', 'clear', 'wall', 'wall', 'clear', 'wall', 'wall', 'wall', 'clear']"
1009,5,clear,clear,up,True,False,False,5,100,0,"['clear', 'clear', 'clear', 'wall', 'clear', 'wall', 'wall', 'clear', 'wall']"
1009,5,clear,clear,right,True,False,False,5,100,0,"['wall', 'wall', 'wall', 'clear', 'clear', 'clear', 'wall', 'clear', 'wall']"
1009,5,clear,clear,right,True,False,False,5,100,0,"['wall', 'wall', 'wall', 'clear', 'clear', 'clear', 'clear', 'wall', 'clear']"
1009,5,clear,clear,down,True,False,False,5,100,0,"['wall', 'wall', 'wall', 'clear', 'clear', 'wall', 'wall', 'clear', 'wall']"
1009,5,clear,clear,down,True,False,False,5,100,0,"['clear', 'clear', 'wall', 'wall', 'clear', 'wall', 'wall', 'clear', 'wall']"
1009,5,clear,clear,down,True,False,False,5,100,0,"['wall', 'clear', 'wall', 'wall', 'clear', 'wall', 'clear', 'clear', 'wall']"
1009,5,clear,clear,down,True,False,False,5,100,0,"['wall', 'clear', 'wall', 'clear', 'clear', 'wall', 'clear', 'clear', 'clear']"
1009,5,clear,clear,right,True,False,False,5,100,0,"['clear', 'clear', 'wall', 'clear', 'clear', 'clear', 'edge', 'edge', 'edge']"
1009,5,clear,clear,right,True,False,False,5,100,0,"['clear', 'wall', 'wall', 'clear', 'clear', 'clear', 'edge', 'edge', 'edge']"
1009,5,clear,clear,right,True,False,False,5,100,0,"['wall', 'wall', 'wall', 'clear', 'clear', 'clear', 'edge', 'edge', 'edge']"
1009,5,clear,clear,right,True,False,False,5,100,0,"['wall', 'wall', 'wall', 'clear', 'clear', 'clear', 'edge', 'edge', 'edge']"
1009,5,clear,clear,right,True,False,True,5,100,0,"['wall', 'wall', 'wall', 'clear', 'clear', 'clear', 'edge', 'edge', 'edge']"
1009,5,clear,clear,left,True,False,False,5,100,0,"['wall', 'wall', 'edge', 'clear', 'clear', 'edge', 'edge', 'edge', 'edge']"
1009,5,clear,clear,left,True,False,False,5,100,0,"['wall', 'wall', 'wall', 'clear', 'clear', 'clear', 'edge', 'edge', 'edge']"
1009,5,clear,clear,left,True,False,False,5,100,0,"['wall', 'wall', 'wall', 'clear', 'clear', 'clear', 'edge', 'edge', 'edge']"
1009,5,clear,clear,left,True,False,False,5,100,0,"['wall', 'wall', 'wall', 'clear', 'clear', 'clear', 'edge', 'edge', 'edge']"
1009,5,clear,clear,left,True,False,False,5,100,0,"['clear', 'wall', 'wall', 'clear', 'clear', 'clear', 'edge', 'edge', 'edge']"
1009,5,clear,clear,up,True,False,False,5,100,0,"['clear', 'clear', 'wall', 'clear', 'clear', 'clear', 'edge', 'edge', 'edge']"
1009,5,clear,clear,up,True,False,False,5,100,0,"['wall', 'clear', 'wall', 'clear', 'clear', 'wall', 'clear', 'clear', 'clear']"
1009,5,clear,clear,up,True,False,False,5,100,0,"['wall', 'clear', 'wall', 'wall', 'clear', 'wall', 'clear', 'clear', 'wall']"
1009,5,clear,clear,up,True,False,False,5,100,0,"['clear', 'clear', 'wall', 'wall', 'clear', 'wall', 'wall', 'clear', 'wall']"
1009,5,clear,clear,left,True,False,False,5,100,0,"['wall', 'wall', 'wall', 'clear', 'clear', 'wall', 'wall', 'clear', 'wall']"
1009,5,clear,clear,left,True,False,False,5,100,0,"['wall', 'wall', 'wall', 'clear', 'clear', 'clear', 'clear', 'wall', 'clear']"
1009,5,clear,clear,left,True,False,False,5,100,0,"['wall', 'wall', 'wall', 'clear', 'clear', 'clear', 'wall', 'clear', 'wall']"
1009,5,clear,clear,left,True,False,False,5,100,0,"['wall', 'wall', 'wall', 'clear', 'clear', 'clear', 'wall', 'wall', 'clear']"
1009,5,clear,clear,left,True,False,False,5,100,0,"['wall', 'wall', 'wall', 'clear', 'clear', 'clear', 'wall', 'wall', 'wall']"
1009,5,clear,clear,left,True,False,False,5,100,0,"['wall', 'wall', 'wall', 'clear', 'clear', 'clear', 'wall', 'wall', 'wall']"
1009,5,clear,clear,left,True,False,False,5,100,0,"['clear', 'wall', 'wall', 'clear', 'clear', 'clear', 'wall', 'wall', 'wall']"
1009,5,clear,clear,left,True,False,False,5,100,0,"['wall', 'clear', 'wall', 'clear', 'clear', 'clear', 'wall', 'wall', 'wall']"
1009,5,clear,clear,left,True,False,False,5,100,0,"['wall', 'wall', 'clear', 'clear', 'clear', 'clear', 'wall', 'wall', 'wall']"
1009,5,clear,clear,left,True,False,False,5,100,0,"['wall', 'wall', 'wall', 'clear', 'clear', 'clear', 'clear', 'wall', 'wall']"
1009,5,clear,clear,right,True,False,False,5,100,0,"['clear', 'wall', 'wall', 'clear', 'clear', 'clear', 'clear', 'clear', 'wall']"
1009,5,clear,clear,right,True,False,False,5,100,0,"['wall', 'wall', 'wall', 'clear', 'clear', 'clear', 'clear', 'wall', 'wall']"
1009,5,clear,wall,up,False,False,False,5,96,1,"['wall', 'wall', 'clear', 'clear', 'clear', 'clear', 'wall', 'wall', 'wall']"
1009,5,clear,wall,up,False,False,False,4,92,1,"['wall', 'wall', 'clear', 'clear', 'clear', 'clear', 'wall', 'wall', 'wall']"
1009,5,clear,clear,right,True,False,False,3,92,0,"['wall', 'wall', 'clear', 'clear', 'clear', 'clear', 'wall', 'wall', 'wall']"
1009,5,clear,clear,up,True,False,False,3,92,0,"['wall', 'clear', 'wall', 'clear', 'clear', 'clear', 'wall', 'wall', 'wall']"
1009,5,clear,clear,up,True,False,False,3,92,0,"['wall', 'clear', 'wall', 'wall', 'clear', 'wall', 'clear', 'clear', 'clear']"
1009,5,clear,clear,up,True,False,False,3,92,0,"['wall', 'clear', 'wall', 'wall', 'clear', 'wall', 'wall', 'clear', 'wall']"
1009,5,clear,clear,up,True,False,False,3,92,0,"['wall', 'clear', 'wall', 'wall', 'clear', 'wall', 'wall', 'clear', 'wall']"
1009,5,clear,clear,up,True,False,False,3,92,0,"['clear', 'clear', 'wall', 'wall', 'clear', 'wall', 'wall', 'clear', 'wall']"
1009,5,clear,clear,down,True,False,False,3,92,0,"['clear', 'clear', 'clear', 'clear', 'clear', 'wall', 'wall', 'clear', 'wall']"
1009,5,clear,clear,down,True,False,False,3,92,0,"['clear', 'clear', 'wall', 'wall', 'clear', 'wall', 'wall', 'clear', 'wall']"
1009,5,clear,clear,down,True,False,False,3,92,0,"['wall', 'clear', 'wall', 'wall', 'clear', 'wall', 'wall', 'clear', 'wall']"
1009,5,clear,clear,down,True,False,False,3,92,0,"['wall', 'clear', 'wall', 'wall', 'clear', 'wall', 'wall', 'clear', 'wall']"
1009,5,clear,clear,down,True,False,False,3,92,0,"['wall', 'clear', 'wall', 'wall', 'clear', 'wall', 'clear', 'clear', 'clear']"
1009,5,clear,clear,right,True,False,False,3,92,0,"['wall', 'clear', 'wall', 'clear', 'clear', 'clear', 'wall', 'wall', 'wall']"
1009,5,clear,clear,right,True,False,False,3,93,0,"['clear', 'wall', 'wall', 'clear', 'clear', 'clear', 'wall', 'wall', 'wall']"
1009,5,clear,clear,right,True,False,False,3,93,0,"['wall', 'wall', 'wall', 'clear', 'clear', 'clear', 'wall', 'wall', 'wall']"
1009,5,clear,clear,right,True,False,False,3,93,0,"['wall', 'wall', 'wall', 'clear', 'clear', 'clear', 'wall', 'wall', 'wall']"
1009,5,clear,clear,right,True,False,False,3,93,0,"['wall', 'wall', 'wall', 'clear', 'clear', 'clear', 'wall', 'wall', 'clear']"
1009,5,clear,clear,right,True,False,False,3,93,0,"['wall', 'wall', 'wall', 'clear', 'clear', 'clear', 'wall', 'clear', 'wall']"
1009,5,clear,clear,right,True,False,False,3,93,0,"['wall', 'wall', 'wall', 'clear', 'clear', 'clear', 'clear', 'wall', 'clear']"
1009,5,clear,clear,down,True,False,False,3,93,0,"['wall', 'wall', 'wall', 'clear', 'clear', 'wall', 'wall', 'clear', 'wall']"
1009,5,clear,clear,down,True,False,False,3,93,0,"['clear', 'clear', 'wall', 'wall', 'clear', 'wall', 'wall', 'clear', 'wall']"
1009,5,clear,clear,down,True,False,False,3,93,0,"['wall', 'clear', 'wall', 'wall', 'clear', 'wall', 'clear', 'clear', 'wall']"
1009,5,clear,clear,down,True,False,False,3,93,0,"['wall', 'clear', 'wall', 'clear', 'clear', 'wall', 'clear', 'clear', 'clear']"
1009,5,clear,clear,left,True,False,False,3,93,0,"['clear', 'clear', 'wall', 'clear', 'clear', 'clear', 'edge', 'edge', 'edge']"
1009,5,clear,clear,left,True,False,False,3,93,0,"['wall', 'clear', 'clear', 'clear', 'clear', 'clear', 'edge', 'edge', 'edge']"
1009,5,clear,clear,left,True,False,False,3,93,0,"['wall', 'wall', 'clear', 'clear', 'clear', 'clear', 'edge', 'edge', 'edge']"
1009,5,clear,clear,left,True,False,False,3,93,0,"['clear', 'wall', 'wall', 'clear', 'clear', 'clear', 'edge', 'edge', 'edge']"
1009,5,clear,flag,left,True,False,False,3,93,0,"['clear', 'clear', 'wall', 'flag', 'clear', 'clear', 'edge', 'edge', 'edge']"
1009,6,clear,clear,right,True,False,False,10,93,0,"['edge', 'water', 'water', 'edge', 'clear', 'clear', 'edge', 'clear', 'clear']"
1009,6,clear,clear,right,True,False,False,10,93,0,"['water', 'water', 'water', 'clear', 'clear', 'clear', 'clear', 'clear', 'clear']"
1009,6,clear,water,up,True,False,False,10,93,0,"['water', 'water', 'water', 'clear', 'clear', 'water', 'clear', 'clear', 'water']"
1009,6,water,water,right,True,False,False,10,93,0,"['water', 'water', 'water', 'water', 'water', 'water', 'clear', 'clear', 'water']"
1009,6,water,water,right,True,False,False,10,93,0,"['water', 'water', 'water', 'water', 'water', 'water', 'clear', 'water', 'water']"
1009,6,water,water,right,True,False,False,10,93,0,"['water', 'water', 'water', 'water', 'water', 'water', 'water', 'water', 'water']"
1009,6,water,water,down,True,False,False,10,93,0,"['water', 'water', 'water', 'water', 'water', 'water', 'water', 'water', 'water']"
1009,6,water,water,down,True,False,True,10,93,0,"['water', 'water', 'water', 'water', 'water', 'water', 'water', 'water', 'water']"
1009,6,water,water,left,True,False,False,10,96,0,"['water', 'water', 'water', 'water', 'water', 'water', 'edge', 'edge', 'edge']"
1009,6,water,water,up,True,False,False,10,96,0,"['water', 'water', 'water', 'water', 'water', 'water', 'edge', 'edge', 'edge']"
1009,6,water,water,up,True,False,False,10,96,0,"['water', 'water', 'water', 'water', 'water', 'water', 'water', 'water', 'water']"
1009,6,water,water,up,True,False,True,10,96,0,"['water', 'water', 'water', 'water', 'water', 'water', 'water', 'water', 'water']"
1009,6,water,water,right,True,False,False,10,99,0,"['water', 'water', 'water', 'water', 'water', 'water', 'water', 'water', 'water']"
1009,6,water,water,up,True,False,False,10,99,0,"['water', 'water', 'water', 'water', 'water', 'water', 'water', 'water', 'water']"
1009,6,water,water,right,True,False,False,10,100,0,"['water', 'clear', 'mud', 'water', 'water', 'water', 'water', 'water', 'water']"
1009,6,water,water,right,True,False,False,10,100,0,"['clear', 'mud', 'mud', 'water', 'water', 'water', 'water', 'water', 'water']"
1009,6,water,water,right,True,False,False,10,100,0,"['mud', 'mud', 'water', 'water', 'water', 'water', 'water', 'water', 'water']"
1009,6,water,water,up,True,False,False,10,100,0,"['mud', 'water', 'water', 'water', 'water', 'water', 'water', 'water', 'water']"
1009,6,water,water,up,True,False,False,10,100,0,"['clear', 'water', 'water', 'mud', 'water', 'water', 'water', 'water', 'water']"
1009,6,water,water,up,True,False,False,10,100,0,"['clear', 'water', 'water', 'clear', 'water', 'water', 'mud', 'water', 'water']"
1009,6,water,water,up,True,False,False,10,100,0,"['water', 'water', 'clear', 'clear', 'water', 'water', 'clear', 'water', 'water']"
1009,6,water,water,left,True,False,False,10,100,0,"['water', 'water', 'clear', 'water', 'water', 'clear', 'clear', 'water', 'water']"
1009,6,water,water,left,True,False,False,10,100,0,"['water', 'water', 'water', 'water', 'water', 'water', 'wall', 'clear', 'water']"
1009,6,water,water,left,True,False,True,10,100,0,"['water', 'water', 'water', 'water', 'water', 'water', 'clear', 'wall', 'clear']"
1009,6,water,water,left,True,False,False,10,100,0,"['water', 'water', 'water', 'water', 'water', 'water', 'water', 'clear', 'wall']"
1009,6,water,water,left,True,False,False,10,100,0,"['water', 'water', 'water', 'water', 'water', 'water', 'water', 'water', 'clear']"
1009,6,water,water,up,True,False,False,10,100,0,"['water', 'water', 'water', 'water', 'water', 'water', 'water', 'water', 'water']"
1009,6,water,edge,up,True,False,False,10,99,0,"['edge', 'edge', 'edge', 'water', 'water', 'water', 'water', 'water', 'water']"
1009,6,water,water,left,True,False,False,10,99,0,"['edge', 'edge', 'edge', 'water', 'water', 'water', 'water', 'water', 'water']"
1009,6,water,clear,left,True,False,True,10,99,0,"['edge', 'edge', 'edge', 'clear', 'water', 'water', 'clear', 'water', 'water']"
1009,6,clear,water,right,True,False,False,10,100,0,"['edge', 'edge', 'edge', 'flag', 'clear', 'water', 'clear', 'clear', 'water']"
1009,6,water,water,right,True,False,False,10,100,0,"['edge', 'edge', 'edge', 'clear', 'water', 'water', 'clear', 'water', 'water']"
1009,6,water,water,right,True,False,False,10,100,0,"['edge', 'edge', 'edge', 'water', 'water', 'water', 'water', 'water', 'water']"
1009,6,water,water,right,True,False,False,10,100,0,"['edge', 'edge', 'edge', 'water', 'water', 'water', 'water', 'water', 'water']"
1009,6,water,water,right,True,False,False,10,100,0,"['edge', 'edge', 'edge', 'water', 'water', 'water', 'water', 'water', 'water']"
1009,6,water,water,right,True,False,False,10,100,0,"['edge', 'edge', 'edge', 'water', 'water', 'water', 'water', 'water', 'water']"
1009,6,water,water,right,True,False,False,10,100,0,"['edge', 'edge', 'edge', 'water', 'water', 'water', 'water', 'water', 'water']"
1009,6,water,clear,right,True,False,True,10,100,0,"['edge', 'edge', 'edge', 'water', 'water', 'clear', 'water', 'water', 'clear']"
1009,6,clear,water,left,True,False,False,10,100,0,"['edge', 'edge', 'edge', 'water', 'clear', 'edge', 'water', 'clear', 'edge']"
1009,6,water,water,down,True,False,False,10,100,0,"['edge', 'edge', 'edge', 'water', 'water', 'clear', 'water', 'water', 'clear']"
1009,6,water,water,down,True,False,False,10,100,0,"['water', 'water', 'clear', 'water', 'water', 'clear', 'clear', 'water', 'water']"
1009,6,water,water,down,True,False,False,10,100,0,"['water', 'water', 'clear', 'clear', 'water', 'water', 'clear', 'water', 'water']"
1009,6,water,clear,left,True,False,True,10,100,0,"['clear', 'water', 'water', 'clear', 'water', 'water', 'mud', 'water', 'water']"
1009,6,clear,water,right,True,False,False,10,100,0,"['wall', 'clear', 'water', 'wall', 'clear', 'water', 'mud', 'mud', 'water']"
1009,6,water,water,down,True,False,False,10,100,0,"['clear', 'water', 'water', 'clear', 'water', 'water', 'mud', 'water', 'water']"
1009,6,water,water,down,True,False,False,10,100,0,"['clear', 'water', 'water', 'mud', 'water', 'water', 'water', 'water', 'water']"
1009,6,water,water,down,True,False,False,10,100,0,"['mud', 'water', 'water', 'water', 'water', 'water', 'water', 'water', 'water']"
1009,6,water,water,right,True,False,False,10,100,0,"['water', 'water', 'water', 'water', 'water', 'water', 'clear', 'lava', 'clear']"
1009,6,water,clear,down,True,False,False,10,100,0,"['water', 'water', 'edge', 'water', 'water', 'edge', 'lava', 'clear', 'edge']"
1009,6,clear,clear,down,True,False,True,10,100,0,"['water', 'water', 'edge', 'lava', 'clear', 'edge', 'lava', 'clear', 'edge']"
1009,6,clear,clear,up,True,False,False,10,100,0,"['lava', 'clear', 'edge', 'lava', 'clear', 'edge', 'water', 'water', 'edge']"
1009,6,clear,water,up,True,False,False,10,100,0,"['water', 'water', 'edge', 'lava', 'clear', 'edge', 'lava', 'clear', 'edge']"
1009,6,water,water,left,True,False,False,10,100,0,"['water', 'water', 'edge', 'water', 'water', 'edge', 'lava', 'clear', 'edge']"
1009,6,water,water,left,True,False,False,10,100,0,"['water', 'water', 'water', 'water', 'water', 'water', 'clear', 'lava', 'clear']"
1009,6,water,water,left,True,False,False,10,100,0,"['water', 'water', 'water', 'water', 'water', 'water', 'water', 'clear', 'lava']"
1009,6,water,water,left,True,False,False,10,100,0,"['water', 'water', 'water', 'water', 'water', 'water', 'water', 'water', 'clear']"
1009,6,water,water,left,True,False,False,10,100,0,"['water', 'water', 'water', 'water', 'water', 'water', 'water', 'water', 'water']"
1009,6,water,water,left,True,False,False,10,100,0,"['water', 'water', 'water', 'water', 'water', 'water', 'water', 'water', 'water']"
1009,6,water,water,up,True,False,False,10,100,0,"['water', 'water', 'water', 'water', 'water', 'water', 'water', 'water', 'water']"
1009,6,water,water,up,True,False,False,10,100,0,"['water', 'water', 'water', 'water', 'water', 'water', 'water', 'water', 'water']"
1009,6,water,water,up,True,False,False,10,100,0,"['water', 'water', 'water', 'water', 'water', 'water', 'water', 'water', 'water']"
1009,6,water,water,up,True,False,False,10,100,0,"['water', 'water', 'water', 'water', 'water', 'water', 'water', 'water', 'water']"
1009,6,water,water,up,True,False,False,10,100,0,"['water', 'water', 'water', 'water', 'water', 'water', 'water', 'water', 'water']"
1009,6,water,water,left,True,False,False,10,100,0,"['water', 'water', 'water', 'water', 'water', 'water', 'water', 'water', 'water']"
1009,6,water,clear,left,True,False,False,10,100,0,"['clear', 'water', 'water', 'clear', 'water', 'water', 'water', 'water', 'water']"
1009,6,clear,clear,left,True,False,False,10,100,0,"['flag', 'clear', 'water', 'clear', 'clear', 'water', 'water', 'water', 'water']"
1009,6,clear,flag,up,True,False,False,10,100,0,"['edge', 'flag', 'clear', 'edge', 'clear', 'clear', 'edge', 'water', 'water']"
1009,7,clear,clear,down,True,False,False,10,100,0,"['edge', 'water', 'water', 'edge', 'clear', 'wall', 'edge', 'clear', 'clear']"
1009,7,clear,clear,right,True,False,False,10,100,0,"['edge', 'clear', 'wall', 'edge', 'clear', 'clear', 'edge', 'edge', 'edge']"
1009,7,clear,clear,right,True,False,False,10,100,0,"['clear', 'wall', 'clear', 'clear', 'clear', 'clear', 'edge', 'edge', 'edge']"
1009,7,clear,clear,up,True,False,False,10,100,0,"['wall', 'clear', 'water', 'clear', 'clear', 'water', 'edge', 'edge', 'edge']"
1009,7,clear,water,up,True,False,False,10,100,0,"['water', 'water', 'water', 'wall', 'clear', 'water', 'clear', 'clear', 'water']"
1009,7,water,water,up,True,False,False,10,100,0,"['water', 'water', 'water', 'water', 'water', 'water', 'wall', 'clear', 'water']"
1009,7,water,water,up,True,False,False,10,100,0,"['water', 'water', 'water', 'water', 'water', 'water', 'water', 'water', 'water']"
1009,7,water,water,up,True,False,False,10,100,0,"['clear', 'water', 'water', 'water', 'water', 'water', 'water', 'water', 'water']"
1009,7,water,water,up,True,False,False,10,100,0,"['water', 'water', 'water', 'clear', 'water', 'water', 'water', 'water', 'water']"
1009,7,water,water,right,True,False,False,10,100,0,"['water', 'water', 'water', 'water', 'water', 'water', 'clear', 'water', 'water']"
1009,7,water,water,right,True,False,False,10,100,0,"['water', 'water', 'water', 'water', 'water', 'water', 'water', 'water', 'water']"
1009,7,water,water,right,True,False,False,10,100,0,"['water', 'water', 'water', 'water', 'water', 'water', 'water', 'water', 'water']"
1009,7,water,water,right,True,False,False,10,100,0,"['water', 'water', 'water', 'water', 'water', 'water', 'water', 'water', 'water']"
1009,7,water,water,right,True,False,False,10,100,0,"['water', 'water', 'water', 'water', 'water', 'water', 'water', 'water', 'water']"
1009,7,water,water,up,True,False,False,10,100,0,"['water', 'water', 'water', 'water', 'water', 'water', 'water', 'water', 'water']"
1009,7,water,water,up,True,False,False,10,100,0,"['clear', 'water', 'clear', 'water', 'water', 'water', 'water', 'water', 'water']"
1009,7,water,water,up,True,False,False,10,100,0,"['water', 'water', 'lava', 'clear', 'water', 'clear', 'water', 'water', 'water']"
1009,7,water,water,left,True,False,False,10,100,0,"['water', 'water', 'clear', 'water', 'water', 'lava', 'clear', 'water', 'clear']"
1009,7,water,clear,left,True,False,True,10,100,0,"['water', 'water', 'water', 'clear', 'water', 'water', 'mud', 'clear', 'water']"
1009,7,clear,water,right,True,False,False,10,100,0,"['water', 'water', 'water', 'clear', 'clear', 'water', 'mud', 'mud', 'clear']"
1009,7,water,water,right,True,False,False,10,100,0,"['water', 'water', 'water', 'clear', 'water', 'water', 'mud', 'clear', 'water']"
1009,7,water,water,down,True,False,False,10,100,0,"['water', 'water', 'clear', 'water', 'water', 'lava', 'clear', 'water', 'clear']"
1009,7,water,water,down,True,False,False,10,100,0,"['water', 'water', 'lava', 'clear', 'water', 'clear', 'water', 'water', 'water']"
1009,7,water,water,down,True,False,False,10,100,0,"['clear', 'water', 'clear', 'water', 'water', 'water', 'water', 'water', 'water']"
1009,7,water,water,right,True,False,False,10,100,0,"['water', 'water', 'water', 'water', 'water', 'water', 'water', 'water', 'water']"
1009,7,water,water,right,True,False,False,10,100,0,"['water', 'water', 'clear', 'water', 'water', 'water', 'water', 'water', 'water']"
1009,7,water,water,right,True,False,False,10,100,0,"['water', 'clear', 'mud', 'water', 'water', 'water', 'water', 'water', 'water']"
1009,7,water,water,right,True,False,False,10,100,0,"['clear', 'mud', 'clear', 'water', 'water', 'water', 'water', 'water', 'water']"
1009,7,water,water,right,True,False,False,10,100,0,"['mud', 'clear', 'clear', 'water', 'water', 'water', 'water', 'water', 'water']"
1009,7,water,water,right,True,False,False,10,100,0,"['clear', 'clear', 'clear', 'water', 'water', 'water', 'water', 'water', 'water']"
1009,7,water,water,right,True,False,False,10,100,0,"['clear', 'clear', 'water', 'water', 'water', 'water', 'water', 'water', 'water']"
1009,7,water,water,down,True,False,False,10,100,0,"['clear', 'water', 'water', 'water', 'water', 'water', 'water', 'water', 'water']"
1009,7,water,water,down,True,False,False,10,100,0,"['water', 'water', 'water', 'water', 'water', 'water', 'water', 'water', 'water']"
1009,7,water,water,down,True,False,False,10,100,0,"['water', 'water', 'water', 'water', 'water', 'water', 'water', 'water', 'water']"
1009,7,water,water,up,True,False,False,10,100,0,"['water', 'water', 'water', 'water', 'water', 'water', 'water', 'water', 'clear']"
1009,7,water,water,up,True,False,False,10,100,0,"['water', 'water', 'water', 'water', 'water', 'water', 'water', 'water', 'water']"
1009,7,water,water,right,True,False,False,10,100,0,"['water', 'water', 'water', 'water', 'water', 'water', 'water', 'water', 'water']"
1009,7,water,water,right,True,False,False,10,100,0,"['water', 'water', 'water', 'water', 'water', 'water', 'water', 'water', 'water']"
1009,7,water,water,right,True,False,False,10,100,0,"['water', 'water', 'water', 'water', 'water', 'water', 'water', 'water', 'water']"
1009,7,water,water,down,True,False,False,10,100,0,"['water', 'water', 'clear', 'water', 'water', 'water', 'water', 'water', 'water']"
1009,7,water,water,down,True,False,False,10,100,0,"['water', 'water', 'water', 'water', 'water', 'water', 'mud', 'water', 'water']"
1009,7,water,water,down,True,False,False,10,100,0,"['water', 'water', 'water', 'mud', 'water', 'water', 'mud', 'water', 'water']"
1009,7,water,water,down,True,False,False,10,100,0,"['mud', 'water', 'water', 'mud', 'water', 'water', 'water', 'water', 'water']"
1009,7,water,water,down,True,False,False,10,100,0,"['mud', 'water', 'water', 'water', 'water', 'water', 'water', 'water', 'water']"
1009,7,water,water,up,True,False,False,10,100,0,"['water', 'water', 'water', 'water', 'water', 'water', 'edge', 'edge', 'edge']"
1009,7,water,water,up,True,False,False,10,100,0,"['mud', 'water', 'water', 'water', 'water', 'water', 'water', 'water', 'water']"
1009,7,water,water,up,True,False,False,10,100,0,"['mud', 'water', 'water', 'mud', 'water', 'water', 'water', 'water', 'water']"
1009,7,water,water,right,True,False,False,10,100,0,"['water', 'water', 'water', 'mud', 'water', 'water', 'mud', 'water', 'water']"
1009,7,water,water,up,True,False,False,10,100,0,"['water', 'water', 'water', 'water', 'water', 'water', 'water', 'water', 'water']"
1009,7,water,water,right,True,False,False,10,100,0,"['water', 'water', 'water', 'water', 'water', 'water', 'water', 'water', 'water']"
1009,7,water,water,up,True,False,False,10,100,0,"['water', 'water', 'edge', 'water', 'water', 'edge', 'water', 'water', 'edge']"
1009,7,water,water,up,True,False,False,10,100,0,"['clear', 'water', 'edge', 'water', 'water', 'edge', 'water', 'water', 'edge']"
1009,7,water,water,up,True,False,False,10,100,0,"['lava', 'water', 'edge', 'clear', 'water', 'edge', 'water', 'water', 'edge']"
1009,7,water,water,up,True,False,False,10,100,0,"['water', 'water', 'edge', 'lava', 'water', 'edge', 'clear', 'water', 'edge']"
1009,7,water,water,up,True,False,False,10,100,0,"['wall', 'water', 'edge', 'water', 'water', 'edge', 'lava', 'water', 'edge']"
1009,7,water,water,up,True,False,False,10,100,0,"['mud', 'water', 'edge', 'wall', 'water', 'edge', 'water', 'water', 'edge']"
1009,7,water,water,up,True,False,False,10,100,0,"['wall', 'water', 'edge', 'mud', 'water', 'edge', 'wall', 'water', 'edge']"
1009,7,water,water,up,True,False,False,10,100,0,"['water', 'water', 'edge', 'wall', 'water', 'edge', 'mud', 'water', 'edge']"
1009,7,water,water,up,True,False,False,10,100,0,"['water', 'water', 'edge', 'water', 'water', 'edge', 'wall', 'water', 'edge']"
1009,7,water,water,left,True,False,False,10,100,0,"['water', 'water', 'edge', 'water', 'water', 'edge', 'water', 'water', 'edge']"
1009,7,water,water,left,True,False,False,10,100,0,"['water', 'water', 'water', 'water', 'water', 'water', 'water', 'water', 'water']"
1009,7,water,water,left,True,False,False,10,100,0,"['water', 'water', 'water', 'water', 'water', 'water', 'water', 'water', 'water']"
1009,7,water,water,left,True,False,False,10,100,0,"['water', 'water', 'water', 'water', 'water', 'water', 'water', 'water', 'water']"
1009,7,water,water,left,True,False,False,10,100,0,"['water', 'water', 'water', 'water', 'water', 'water', 'water', 'water', 'water']"
1009,7,water,water,down,True,False,False,10,100,0,"['water', 'water', 'water', 'water', 'water', 'water', 'water', 'water', 'water']"
1009,7,water,water,down,True,False,False,10,100,0,"['water', 'water', 'water', 'water', 'water', 'water', 'water', 'water', 'water']"
1009,7,water,water,down,True,False,False,10,100,0,"['water', 'water', 'water', 'water', 'water', 'water', 'water', 'water', 'water']"
1009,7,water,water,down,True,False,False,10,100,0,"['water', 'water', 'water', 'water', 'water', 'water', 'water', 'water', 'water']"
1009,7,water,water,up,True,False,False,10,100,0,"['water', 'water', 'water', 'water', 'water', 'water', 'water', 'water', 'water']"
1009,7,water,water,up,True,False,False,10,100,0,"['water', 'water', 'water', 'water', 'water', 'water', 'water', 'water', 'water']"
1009,7,water,water,up,True,False,False,10,100,0,"['water', 'water', 'water', 'water', 'water', 'water', 'water', 'water', 'water']"
1009,7,water,water,left,True,False,False,10,100,0,"['water', 'water', 'water', 'water', 'water', 'water', 'water', 'water', 'water']"
1009,7,water,water,left,True,False,False,10,100,0,"['water', 'water', 'water', 'water', 'water', 'water', 'clear', 'water', 'water']"
1009,7,water,water,up,True,False,False,10,100,0,"['water', 'water', 'water', 'clear', 'water', 'water', 'clear', 'clear', 'water']"
1009,7,water,water,up,True,False,False,10,100,0,"['water', 'water', 'water', 'water', 'water', 'water', 'clear', 'water', 'water']"
1009,7,water,water,up,True,False,False,10,100,0,"['water', 'water', 'water', 'water', 'water', 'water', 'water', 'water', 'water']"
1009,7,water,water,left,True,False,False,10,100,0,"['water', 'water', 'clear', 'water', 'water', 'water', 'water', 'water', 'water']"
1009,7,water,water,left,True,False,False,10,100,0,"['water', 'water', 'water', 'water', 'water', 'water', 'water', 'water', 'water']"
1009,7,water,clear,left,True,False,True,10,100,0,"['water', 'water', 'water', 'clear', 'water', 'water', 'lava', 'water', 'water']"
1009,7,clear,water,right,True,False,False,10,100,0,"['clear', 'water', 'water', 'lava', 'clear', 'water', 'lava', 'lava', 'water']"
1009,7,water,water,up,True,False,False,10,100,0,"['water', 'water', 'water', 'clear', 'water', 'water', 'lava', 'water', 'water']"
1009,7,water,water,right,True,False,False,10,100,0,"['water', 'clear', 'mud', 'water', 'water', 'water', 'clear', 'water', 'water']"
1009,7,water,water,right,True,False,False,10,100,0,"['clear', 'mud', 'water', 'water', 'water', 'water', 'water', 'water', 'water']"
1009,7,water,water,up,True,False,False,10,100,0,"['mud', 'water', 'clear', 'water', 'water', 'clear', 'water', 'water', 'water']"
1009,7,water,water,up,True,False,False,10,100,0,"['clear', 'water', 'water', 'mud', 'water', 'clear', 'water', 'water', 'clear']"
1009,7,water,water,up,True,False,False,10,100,0,"['water', 'water', 'water', 'clear', 'water', 'water', 'mud', 'water', 'clear']"
1009,7,water,water,right,True,False,False,10,100,0,"['edge', 'edge', 'edge', 'water', 'water', 'water', 'clear', 'water', 'water']"
1009,7,water,clear,right,True,False,True,10,100,0,"['edge', 'edge', 'edge', 'water', 'water', 'clear', 'water', 'water', 'clear']"
1009,7,clear,water,left,True,False,False,10,100,0,"['edge', 'edge', 'edge', 'water', 'clear', 'wall', 'water', 'clear', 'mud']"
1009,7,water,water,left,True,False,False,10,100,0,"['edge', 'edge', 'edge', 'water', 'water', 'clear', 'water', 'water', 'clear']"
1009,7,water,water,left,True,False,False,10,100,0,"['edge', 'edge', 'edge', 'water', 'water', 'water', 'clear', 'water', 'water']"
1009,7,water,water,left,True,False,False,10,100,0,"['edge', 'edge', 'edge', 'water', 'water', 'water', 'water', 'clear', 'water']"
1009,7,water,water,left,True,False,False,10,100,0,"['edge', 'edge', 'edge', 'water', 'water', 'water', 'water', 'water', 'clear']"
1009,7,water,water,left,True,False,False,10,100,0,"['edge', 'edge', 'edge', 'water', 'water', 'water', 'water', 'water', 'water']"
1009,7,water,water,down,True,False,False,10,100,0,"['edge', 'edge', 'edge', 'water', 'water', 'water', 'water', 'water', 'water']"
1009,7,water,water,left,True,False,False,10,100,0,"['water', 'water', 'water', 'water', 'water', 'water', 'water', 'water', 'water']"
1009,7,water,water,left,True,False,False,10,100,0,"['lava', 'water', 'water', 'water', 'water', 'water', 'water', 'water', 'water']"
1009,7,water,water,left,True,False,False,10,100,0,"['clear', 'lava', 'water', 'water', 'water', 'water', 'water', 'water', 'water']"
1009,7,water,water,left,True,False,False,10,100,0,"['water', 'clear', 'lava', 'water', 'water', 'water', 'water', 'water', 'water']"
1009,7,water,water,left,True,False,False,10,100,0,"['water', 'water', 'clear', 'water', 'water', 'water', 'water', 'water', 'water']"
1009,7,water,water,left,True,False,False,10,100,0,"['water', 'water', 'water', 'water', 'water', 'water', 'clear', 'water', 'water']"
1009,7,water,water,left,True,False,False,10,100,0,"['water', 'water', 'water', 'water', 'water', 'water', 'water', 'clear', 'water']"
1009,7,water,water,down,True,False,False,10,100,0,"['water', 'water', 'water', 'water', 'water', 'water', 'water', 'water', 'clear']"
1009,7,water,water,down,True,False,False,10,100,0,"['water', 'water', 'water', 'water', 'water', 'clear', 'water', 'water', 'mud']"
1009,7,water,water,down,True,False,False,10,100,0,"['water', 'water', 'clear', 'water', 'water', 'mud', 'water', 'water', 'clear']"
1009,7,water,clear,right,True,False,False,10,100,0,"['water', 'water', 'mud', 'water', 'water', 'clear', 'water', 'water', 'lava']"
1009,7,clear,clear,right,True,False,True,10,100,0,"['water', 'mud', 'mud', 'water', 'clear', 'clear', 'water', 'lava', 'lava']"
1009,7,clear,clear,left,True,False,False,10,100,0,"['mud', 'mud', 'clear', 'clear', 'clear', 'lava', 'lava', 'lava', 'lava']"
1009,7,clear,water,left,True,False,False,10,100,0,"['water', 'mud', 'mud', 'water', 'clear', 'clear', 'water', 'lava', 'lava']"
1009,7,water,water,down,True,False,False,10,100,0,"['water', 'water', 'mud', 'water', 'water', 'clear', 'water', 'water', 'lava']"
1009,7,water,water,left,True,False,False,10,100,0,"['water', 'water', 'clear', 'water', 'water', 'lava', 'water', 'water', 'water']"
1009,7,water,water,down,True,False,False,10,100,0,"['edge', 'water', 'water', 'edge', 'water', 'water', 'edge', 'water', 'water']"
1009,7,water,water,down,True,False,False,10,100,0,"['edge', 'water', 'water', 'edge', 'water', 'water', 'edge', 'water', 'water']"
1009,7,water,water,down,True,False,False,10,100,0,"['edge', 'water', 'water', 'edge', 'water', 'water', 'edge', 'water', 'water']"
1009,7,water,water,down,True,False,False,10,100,0,"['edge', 'water', 'water', 'edge', 'water', 'water', 'edge', 'water', 'water']"
1009,7,water,water,down,True,False,False,10,100,0,"['edge', 'water', 'water', 'edge', 'water', 'water', 'edge', 'water', 'lava']"
1009,7,water,water,down,True,False,False,10,100,0,"['edge', 'water', 'water', 'edge', 'water', 'lava', 'edge', 'water', 'water']"
1009,7,water,water,down,True,False,False,10,100,0,"['edge', 'water', 'lava', 'edge', 'water', 'water', 'edge', 'water', 'water']"
1009,7,water,water,down,True,False,False,10,100,0,"['edge', 'water', 'water', 'edge', 'water', 'water', 'edge', 'water', 'water']"
1009,7,water,clear,down,True,False,False,10,100,0,"['edge', 'water', 'water', 'edge', 'water', 'water', 'edge', 'clear', 'clear']"
1009,7,clear,clear,right,True,False,False,10,100,0,"['edge', 'water', 'water', 'edge', 'clear', 'clear', 'edge', 'water', 'water']"
1009,7,clear,water,right,True,False,False,10,90,4,"['water', 'water', 'water', 'clear', 'clear', 'water', 'water', 'water', 'water']"
1009,7,water,clear,left,True,False,False,6,90,0,"['water', 'water', 'water', 'clear', 'water', 'water', 'water', 'water', 'water']"
1009,7,clear,clear,left,True,False,False,6,90,0,"['water', 'water', 'water', 'clear', 'clear', 'water', 'water', 'water', 'water']"
1009,7,clear,water,up,True,False,False,6,90,0,"['edge', 'water', 'water', 'edge', 'clear', 'clear', 'edge', 'water', 'water']"
1009,7,water,water,right,True,False,False,6,90,0,"['edge', 'water', 'water', 'edge', 'water', 'water', 'edge', 'clear', 'clear']"
1009,7,water,water,right,True,False,False,6,90,0,"['water', 'water', 'water', 'water', 'water', 'water', 'clear', 'clear', 'water']"
1009,7,water,water,right,True,False,False,6,90,0,"['water', 'water', 'water', 'water', 'water', 'water', 'clear', 'water', 'water']"
1009,7,water,water,down,True,False,False,6,90,0,"['water', 'water', 'water', 'water', 'water', 'water', 'water', 'water', 'water']"
1009,7,water,water,down,True,False,False,6,90,0,"['water', 'water', 'water', 'water', 'water', 'water', 'water', 'water', 'water']"
1009,7,water,water,down,True,False,False,6,90,0,"['water', 'water', 'water', 'water', 'water', 'water', 'water', 'water', 'water']"
1009,7,water,water,right,True,False,False,6,90,0,"['water', 'water', 'water', 'water', 'water', 'water', 'water', 'water', 'water']"
1009,7,water,water,down,True,False,False,6,90,0,"['water', 'water', 'mud', 'water', 'water', 'mud', 'water', 'water', 'water']"
1009,7,water,water,right,True,False,False,6,90,0,"['water', 'water', 'mud', 'water', 'water', 'water', 'water', 'water', 'water']"
1009,7,water,water,right,True,False,False,6,90,0,"['water', 'mud', 'clear', 'water', 'water', 'water', 'water', 'water', 'water']"
1009,7,water,water,right,True,False,False,6,91,0,"['mud', 'clear', 'clear', 'water', 'water', 'water', 'water', 'water', 'water']"
1009,7,water,water,down,True,False,False,6,91,0,"['clear', 'clear', 'clear', 'water', 'water', 'water', 'water', 'water', 'water']"
1009,7,water,water,down,True,False,False,6,91,0,"['water', 'water', 'water', 'water', 'water', 'water', 'water', 'water', 'water']"
1009,7,water,edge,down,True,False,False,6,90,0,"['water', 'water', 'water', 'water', 'water', 'water', 'edge', 'edge', 'edge']"
1009,7,water,water,right,True,False,False,6,90,0,"['water', 'water', 'water', 'water', 'water', 'water', 'edge', 'edge', 'edge']"
1009,7,water,water,right,True,False,False,6,90,0,"['water', 'water', 'water', 'water', 'water', 'water', 'edge', 'edge', 'edge']"
1009,7,water,water,right,True,False,False,6,90,0,"['water', 'water', 'clear', 'water', 'water', 'water', 'edge', 'edge', 'edge']"
1009,7,water,water,right,True,False,False,6,90,0,"['water', 'clear', 'clear', 'water', 'water', 'water', 'edge', 'edge', 'edge']"
1009,7,water,water,right,True,False,False,6,90,0,"['clear', 'clear', 'water', 'water', 'water', 'water', 'edge', 'edge', 'edge']"
1009,7,water,water,up,True,False,False,6,90,0,"['clear', 'water', 'water', 'water', 'water', 'clear', 'edge', 'edge', 'edge']"
1009,7,water,water,up,True,False,False,6,90,0,"['clear', 'water', 'water', 'clear', 'water', 'water', 'water', 'water', 'clear']"
1009,7,water,water,up,True,False,False,6,90,0,"['lava', 'water', 'water', 'clear', 'water', 'water', 'clear', 'water', 'water']"
1009,7,water,water,up,True,False,False,6,90,0,"['clear', 'water', 'water', 'lava', 'water', 'water', 'clear', 'water', 'water']"
1009,7,water,water,up,True,False,False,6,90,0,"['water', 'water', 'water', 'clear', 'water', 'water', 'lava', 'water', 'water']"
1009,7,water,water,right,True,False,False,6,90,0,"['water', 'water', 'water', 'water', 'water', 'water', 'clear', 'water', 'water']"
1009,7,water,water,right,True,False,False,6,90,0,"['water', 'water', 'water', 'water', 'water', 'water', 'water', 'water', 'water']"
1009,7,water,water,up,True,False,False,6,91,0,"['water', 'water', 'water', 'water', 'water', 'water', 'water', 'water', 'water']"
1009,7,water,water,up,True,False,False,6,91,0,"['clear', 'water', 'water', 'water', 'water', 'water', 'water', 'water', 'water']"
1009,7,water,water,up,True,False,False,6,91,0,"['water', 'water', 'water', 'clear', 'water', 'water', 'water', 'water', 'water']"
1009,7,water,water,left,True,False,False,6,91,0,"['water', 'water', 'water', 'water', 'water', 'water', 'clear', 'water', 'water']"
1009,7,water,water,up,True,False,False,6,91,0,"['mud', 'water', 'water', 'mud', 'water', 'water', 'clear', 'clear', 'water']"
1009,7,water,water,up,True,False,False,6,91,0,"['mud', 'water', 'water', 'mud', 'water', 'water', 'mud', 'water', 'water']"
1009,7,water,water,up,True,False,False,6,91,0,"['clear', 'water', 'water', 'mud', 'water', 'water', 'mud', 'water', 'water']"
1009,7,water,water,up,True,False,False,6,91,0,"['water', 'water', 'water', 'clear', 'water', 'water', 'mud', 'water', 'water']"
1009,7,water,water,right,True,False,False,6,91,0,"['water', 'water', 'water', 'water', 'water', 'water', 'clear', 'water', 'water']"
1009,7,water,water,right,True,False,False,6,91,0,"['water', 'water', 'water', 'water', 'water', 'water', 'water', 'water', 'water']"
1009,7,water,water,right,True,False,False,6,91,0,"['water', 'water', 'water', 'water', 'water', 'water', 'water', 'water', 'wall']"
1009,7,water,water,right,True,False,False,6,91,0,"['water', 'water', 'water', 'water', 'water', 'water', 'water', 'wall', 'wall']"
1009,7,water,water,right,True,False,False,6,91,0,"['water', 'water', 'water', 'water', 'water', 'water', 'wall', 'wall', 'wall']"
1009,7,water,water,left,True,False,False,6,91,0,"['water', 'water', 'water', 'water', 'water', 'water', 'wall', 'wall', 'water']"
1009,7,water,water,left,True,False,False,6,91,0,"['water', 'water', 'water', 'water', 'water', 'water', 'wall', 'wall', 'wall']"
1009,7,water,water,up,True,False,False,6,92,0,"['water', 'water', 'water', 'water', 'water', 'water', 'water', 'wall', 'wall']"
1009,7,water,water,up,True,False,False,6,92,0,"['water', 'water', 'water', 'water', 'water', 'water', 'water', 'water', 'water']"
1009,7,water,water,left,True,False,False,6,92,0,"['clear', 'clear', 'clear', 'water', 'water', 'water', 'water', 'water', 'water']"
1009,7,water,water,left,True,False,False,6,92,0,"['clear', 'clear', 'clear', 'water', 'water', 'water', 'water', 'water', 'water']"
1009,7,water,water,left,True,False,False,6,92,0,"['water', 'clear', 'clear', 'water', 'water', 'water', 'water', 'water', 'water']"
1009,7,water,water,left,True,False,False,6,92,0,"['water', 'water', 'clear', 'water', 'water', 'water', 'water', 'water', 'water']"
1009,7,water,water,up,True,False,False,6,92,0,"['water', 'water', 'water', 'water', 'water', 'water', 'water', 'water', 'water']"
1009,7,water,water,up,True,False,False,6,92,0,"['water', 'water', 'clear', 'water', 'water', 'water', 'water', 'water', 'water']"
1009,7,water,water,up,True,False,False,6,92,0,"['mud', 'water', 'clear', 'water', 'water', 'clear', 'water', 'water', 'water']"
1009,7,water,water,up,True,False,False,6,92,0,"['clear', 'water', 'water', 'mud', 'water', 'clear', 'water', 'water', 'clear']"
1009,7,water,water,up,True,False,False,6,92,0,"['water', 'water', 'water', 'clear', 'water', 'water', 'mud', 'water', 'clear']"
1009,7,water,water,down,True,False,False,6,92,0,"['edge', 'edge', 'edge', 'water', 'water', 'water', 'clear', 'water', 'water']"
1009,7,water,water,down,True,False,False,6,92,0,"['water', 'water', 'water', 'clear', 'water', 'water', 'mud', 'water', 'clear']"
1009,7,water,water,down,True,False,False,6,92,0,"['clear', 'water', 'water', 'mud', 'water', 'clear', 'water', 'water', 'clear']"
1009,7,water,water,down,True,False,False,6,92,0,"['mud', 'water', 'clear', 'water', 'water', 'clear', 'water', 'water', 'water']"
1009,7,water,water,down,True,False,False,6,93,0,"['water', 'water', 'clear', 'water', 'water', 'water', 'water', 'water', 'water']"
1009,7,water,water,right,True,False,False,6,93,0,"['water', 'water', 'water', 'water', 'water', 'water', 'water', 'water', 'water']"
1009,7,water,water,right,True,False,False,6,93,0,"['water', 'water', 'clear', 'water', 'water', 'water', 'water', 'water', 'water']"
1009,7,water,water,right,True,False,False,6,93,0,"['water', 'clear', 'clear', 'water', 'water', 'water', 'water', 'water', 'water']"
1009,7,water,water,right,True,False,False,6,93,0,"['clear', 'clear', 'clear', 'water', 'water', 'water', 'water', 'water', 'water']"
1009,7,water,water,right,True,False,False,6,93,0,"['clear', 'clear', 'clear', 'water', 'water', 'water', 'water', 'water', 'water']"
1009,7,water,clear,up,True,False,False,6,93,0,"['clear', 'clear', 'clear', 'water', 'water', 'water', 'water', 'water', 'water']"
1009,7,clear,clear,up,True,False,False,6,93,0,"['wall', 'clear', 'lava', 'clear', 'clear', 'clear', 'water', 'water', 'water']"
1009,7,clear,clear,up,True,False,False,6,93,0,"['clear', 'clear', 'lava', 'wall', 'clear', 'lava', 'clear', 'clear', 'clear']"
1009,7,clear,clear,left,True,False,False,6,93,0,"['clear', 'mud', 'mud', 'clear', 'clear', 'lava', 'wall', 'clear', 'lava']"
1009,7,clear,clear,up,True,False,False,6,93,0,"['mud', 'clear', 'mud', 'mud', 'clear', 'clear', 'wall', 'wall', 'clear']"
1009,7,clear,clear,up,True,False,False,6,93,0,"['wall', 'clear', 'mud', 'mud', 'clear', 'mud', 'mud', 'clear', 'clear']"
1009,7,clear,edge,up,True,False,False,6,92,0,"['edge', 'edge', 'edge', 'wall', 'clear', 'mud', 'mud', 'clear', 'mud']"
1009,7,clear,clear,down,True,False,False,6,92,0,"['edge', 'edge', 'edge', 'wall', 'clear', 'mud', 'mud', 'clear', 'mud']"
1009,7,clear,clear,down,True,False,False,6,92,0,"['wall', 'clear', 'mud', 'mud', 'clear', 'mud', 'mud', 'clear', 'clear']"
1009,7,clear,clear,right,True,False,False,6,92,0,"['mud', 'clear', 'mud', 'mud', 'clear', 'clear', 'wall', 'wall', 'clear']"
1009,7,clear,lava,right,True,False,False,6,82,3,"['clear', 'mud', 'mud', 'clear', 'clear', 'lava', 'wall', 'clear', 'lava']"
1009,7,lava,clear,left,True,False,False,3,83,0,"['mud', 'mud', 'lava', 'clear', 'lava', 'lava', 'clear', 'lava', 'lava']"
1009,7,clear,clear,left,True,False,False,3,83,0,"['clear', 'mud', 'mud', 'clear', 'clear', 'lava', 'wall', 'clear', 'lava']"
1009,7,clear,clear,right,True,False,False,3,83,0,"['mud', 'clear', 'mud', 'mud', 'clear', 'clear', 'wall', 'wall', 'clear']"
1009,7,clear,clear,down,True,False,False,3,83,0,"['clear', 'mud', 'mud', 'clear', 'clear', 'lava', 'wall', 'clear', 'lava']"
1009,7,clear,clear,down,True,False,False,3,83,0,"['clear', 'clear', 'lava', 'wall', 'clear', 'lava', 'clear', 'clear', 'clear']"
1009,7,clear,water,down,True,False,False,3,83,0,"['wall', 'clear', 'lava', 'clear', 'clear', 'clear', 'water', 'water', 'water']"
1009,7,water,water,right,True,False,False,3,83,0,"['clear', 'clear', 'clear', 'water', 'water', 'water', 'water', 'water', 'water']"
1009,7,water,water,right,True,False,False,3,83,0,"['clear', 'clear', 'wall', 'water', 'water', 'water', 'water', 'water', 'water']"
1009,7,water,water,left,True,False,False,3,83,0,"['clear', 'wall', 'edge', 'water', 'water', 'edge', 'water', 'water', 'edge']"
1009,7,water,water,left,True,False,False,3,83,0,"['clear', 'clear', 'wall', 'water', 'water', 'water', 'water', 'water', 'water']"
1009,7,water,water,left,True,False,False,3,83,0,"['clear', 'clear', 'clear', 'water', 'water', 'water', 'water', 'water', 'water']"
1009,7,water,water,left,True,False,False,3,83,0,"['clear', 'clear', 'clear', 'water', 'water', 'water', 'water', 'water', 'water']"
1009,7,water,water,left,True,False,False,3,83,0,"['clear', 'clear', 'clear', 'water', 'water', 'water', 'water', 'water', 'water']"
1009,7,water,water,left,True,False,False,3,83,0,"['water', 'clear', 'clear', 'water', 'water', 'water', 'water', 'water', 'water']"
1009,7,water,water,left,True,False,False,3,83,0,"['water', 'water', 'clear', 'water', 'water', 'water', 'water', 'water', 'water']"
1009,7,water,water,up,True,False,False,3,84,0,"['water', 'water', 'water', 'water', 'water', 'water', 'water', 'water', 'water']"
1009,7,water,water,up,True,False,False,3,84,0,"['water', 'water', 'clear', 'water', 'water', 'water', 'water', 'water', 'water']"
1009,7,water,water,up,True,False,False,3,84,0,"['mud', 'water', 'clear', 'water', 'water', 'clear', 'water', 'water', 'water']"
1009,7,water,water,up,True,False,False,3,84,0,"['clear', 'water', 'water', 'mud', 'water', 'clear', 'water', 'water', 'clear']"
1009,7,water,water,up,True,False,False,3,84,0,"['water', 'water', 'water', 'clear', 'water', 'water', 'mud', 'water', 'clear']"
1009,7,water,water,right,True,False,False,3,84,0,"['edge', 'edge', 'edge', 'water', 'water', 'water', 'clear', 'water', 'water']"
1009,7,water,water,left,True,False,False,3,84,0,"['edge', 'edge', 'edge', 'water', 'water', 'clear', 'water', 'water', 'clear']"
1009,7,water,water,down,True,False,False,3,84,0,"['edge', 'edge', 'edge', 'water', 'water', 'water', 'clear', 'water', 'water']"
1009,7,water,water,down,True,False,False,3,84,0,"['water', 'water', 'water', 'clear', 'water', 'water', 'mud', 'water', 'clear']"
1009,7,water,water,down,True,False,False,3,84,0,"['clear', 'water', 'water', 'mud', 'water', 'clear', 'water', 'water', 'clear']"
1009,7,water,water,down,True,False,False,3,84,0,"['mud', 'water', 'clear', 'water', 'water', 'clear', 'water', 'water', 'water']"
1009,7,water,water,up,True,False,False,3,84,0,"['water', 'water', 'clear', 'water', 'water', 'water', 'water', 'water', 'water']"
1009,7,water,water,up,True,False,False,3,84,0,"['mud', 'water', 'clear', 'water', 'water', 'clear', 'water', 'water', 'water']"
1009,7,water,water,up,True,False,False,3,84,0,"['clear', 'water', 'water', 'mud', 'water', 'clear', 'water', 'water', 'clear']"
1009,7,water,water,up,True,False,False,3,84,0,"['water', 'water', 'water', 'clear', 'water', 'water', 'mud', 'water', 'clear']"
1009,7,water,water,right,True,False,False,3,85,0,"['edge', 'edge', 'edge', 'water', 'water', 'water', 'clear', 'water', 'water']"
1009,7,water,water,left,True,False,False,3,85,0,"['edge', 'edge', 'edge', 'water', 'water', 'clear', 'water', 'water', 'clear']"
1009,7,water,water,down,True,False,False,3,85,0,"['edge', 'edge', 'edge', 'water', 'water', 'water', 'clear', 'water', 'water']"
1009,7,water,water,down,True,False,False,3,85,0,"['water', 'water', 'water', 'clear', 'water', 'water', 'mud', 'water', 'clear']"
1009,7,water,water,down,True,False,False,3,85,0,"['clear', 'water', 'water', 'mud', 'water', 'clear', 'water', 'water', 'clear']"
1009,7,water,water,down,True,False,False,3,85,0,"['mud', 'water', 'clear', 'water', 'water', 'clear', 'water', 'water', 'water']"
1009,7,water,water,down,True,False,False,3,85,0,"['water', 'water', 'clear', 'water', 'water', 'water', 'water', 'water', 'water']"
1009,7,water,water,down,True,False,False,3,85,0,"['water', 'water', 'water', 'water', 'water', 'water', 'water', 'water', 'water']"
1009,7,water,water,down,True,False,False,3,85,0,"['water', 'water', 'water', 'water', 'water', 'water', 'clear', 'water', 'water']"
1009,7,water,water,right,True,False,False,3,85,0,"['water', 'water', 'water', 'clear', 'water', 'water', 'clear', 'clear', 'water']"
1009,7,water,water,right,True,False,False,3,85,0,"['water', 'water', 'water', 'water', 'water', 'water', 'clear', 'water', 'water']"
1009,7,water,water,right,True,False,False,3,85,0,"['water', 'water', 'water', 'water', 'water', 'water', 'water', 'water', 'water']"
1009,7,water,water,right,True,False,False,3,85,0,"['water', 'water', 'water', 'water', 'water', 'water', 'water', 'water', 'wall']"
1009,7,water,water,up,True,False,False,3,85,0,"['water', 'water', 'water', 'water', 'water', 'water', 'water', 'wall', 'wall']"
1009,7,water,water,up,True,False,False,3,85,0,"['water', 'water', 'water', 'water', 'water', 'water', 'water', 'water', 'water']"
1009,7,water,water,right,True,False,False,3,86,0,"['clear', 'clear', 'clear', 'water', 'water', 'water', 'water', 'water', 'water']"
1009,7,water,clear,up,True,False,False,3,86,0,"['clear', 'clear', 'clear', 'water', 'water', 'water', 'water', 'water', 'water']"
1009,7,clear,clear,up,True,False,False,3,86,0,"['wall', 'clear', 'lava', 'clear', 'clear', 'clear', 'water', 'water', 'water']"
1009,7,clear,clear,up,True,False,False,3,86,0,"['clear', 'clear', 'lava', 'wall', 'clear', 'lava', 'clear', 'clear', 'clear']"
1009,7,clear,mud,up,True,False,False,3,76,2,"['clear', 'mud', 'mud', 'clear', 'clear', 'lava', 'wall', 'clear', 'lava']"
1009,7,mud,mud,up,True,False,False,1,66,2,"['clear', 'mud', 'flag', 'clear', 'mud', 'mud', 'clear', 'clear', 'lava']"
